id,id_kategori,tahun,kabupatenkota,kategori,jumlah
1,522,2024,Kabupaten Pacitan,tenaga_kesehatan_dokter,0
1,522,2024,Kabupaten Pacitan,jumlah_tenaga_kesehatan_tradisional,3
1,522,2024,Kabupaten Pacitan,tenaga_kesehatan_tenaga_kefarmasian,739
1,522,2024,Kabupaten Pacitan,tenaga_kesehatan_bidan,3
1,522,2024,Kabupaten Pacitan,tenaga_kesehatan_tenaga_kesehatan_lingkungan,155
1,522,2024,Kabupaten Pacitan,jumlah_tenaga_medis,47
1,522,2024,Kabupaten Pacitan,jumlah_tenaga_keteknisan_medis,88
1,522,2024,Kabupaten Pacitan,jumlah_tenaga_keterapian_fisik,19
1,522,2024,Kabupaten Pacitan,tenaga_kesehatan_perawat,185
1,522,2024,Kabupaten Pacitan,tenaga_kesehatan_tenaga_gizi,92
1,522,2024,Kabupaten Pacitan,jumlah_tenaga_teknik_biomedika,103
1,522,2024,Kabupaten Pacitan,tenaga_kesehatan_tenaga_kesehatan_masyarakat,408
1,522,2024,Kabupaten Pacitan,jumlah_tenaga_kesehatan_psikologi_klinis,68
2,522,2024,Kabupaten Ponorogo,jumlah_tenaga_teknik_biomedika,208
2,522,2024,Kabupaten Ponorogo,jumlah_tenaga_kesehatan_tradisional,0
2,522,2024,Kabupaten Ponorogo,tenaga_kesehatan_dokter,0
2,522,2024,Kabupaten Ponorogo,jumlah_tenaga_medis,59
2,522,2024,Kabupaten Ponorogo,jumlah_tenaga_keterapian_fisik,69
2,522,2024,Kabupaten Ponorogo,tenaga_kesehatan_tenaga_kesehatan_lingkungan,429
2,522,2024,Kabupaten Ponorogo,tenaga_kesehatan_tenaga_kesehatan_masyarakat,816
2,522,2024,Kabupaten Ponorogo,tenaga_kesehatan_tenaga_kefarmasian,1832
2,522,2024,Kabupaten Ponorogo,tenaga_kesehatan_tenaga_gizi,89
2,522,2024,Kabupaten Ponorogo,tenaga_kesehatan_perawat,445
2,522,2024,Kabupaten Ponorogo,jumlah_tenaga_kesehatan_psikologi_klinis,74
2,522,2024,Kabupaten Ponorogo,jumlah_tenaga_keteknisan_medis,138
2,522,2024,Kabupaten Ponorogo,tenaga_kesehatan_bidan,4
3,522,2024,Kabupaten Trenggalek,tenaga_kesehatan_tenaga_gizi,92
3,522,2024,Kabupaten Trenggalek,tenaga_kesehatan_tenaga_kesehatan_lingkungan,222
3,522,2024,Kabupaten Trenggalek,jumlah_tenaga_kesehatan_psikologi_klinis,88
3,522,2024,Kabupaten Trenggalek,tenaga_kesehatan_bidan,0
3,522,2024,Kabupaten Trenggalek,jumlah_tenaga_kesehatan_tradisional,0
3,522,2024,Kabupaten Trenggalek,jumlah_tenaga_keterapian_fisik,8
3,522,2024,Kabupaten Trenggalek,jumlah_tenaga_teknik_biomedika,143
3,522,2024,Kabupaten Trenggalek,jumlah_tenaga_keteknisan_medis,108
3,522,2024,Kabupaten Trenggalek,tenaga_kesehatan_tenaga_kesehatan_masyarakat,507
3,522,2024,Kabupaten Trenggalek,tenaga_kesehatan_dokter,0
3,522,2024,Kabupaten Trenggalek,tenaga_kesehatan_tenaga_kefarmasian,1064
3,522,2024,Kabupaten Trenggalek,tenaga_kesehatan_perawat,233
3,522,2024,Kabupaten Trenggalek,jumlah_tenaga_medis,58
4,522,2024,Kabupaten Tulungagung,tenaga_kesehatan_perawat,589
4,522,2024,Kabupaten Tulungagung,jumlah_tenaga_medis,53
4,522,2024,Kabupaten Tulungagung,tenaga_kesehatan_tenaga_gizi,117
4,522,2024,Kabupaten Tulungagung,tenaga_kesehatan_dokter,0
4,522,2024,Kabupaten Tulungagung,jumlah_tenaga_kesehatan_tradisional,0
4,522,2024,Kabupaten Tulungagung,jumlah_tenaga_keterapian_fisik,27
4,522,2024,Kabupaten Tulungagung,tenaga_kesehatan_tenaga_kesehatan_masyarakat,1086
4,522,2024,Kabupaten Tulungagung,jumlah_tenaga_teknik_biomedika,261
4,522,2024,Kabupaten Tulungagung,tenaga_kesehatan_tenaga_kesehatan_lingkungan,579
4,522,2024,Kabupaten Tulungagung,jumlah_tenaga_keteknisan_medis,236
4,522,2024,Kabupaten Tulungagung,jumlah_tenaga_kesehatan_psikologi_klinis,108
4,522,2024,Kabupaten Tulungagung,tenaga_kesehatan_tenaga_kefarmasian,2322
4,522,2024,Kabupaten Tulungagung,tenaga_kesehatan_bidan,2
5,522,2024,Kabupaten Blitar,tenaga_kesehatan_tenaga_kefarmasian,1240
5,522,2024,Kabupaten Blitar,tenaga_kesehatan_tenaga_kesehatan_lingkungan,375
5,522,2024,Kabupaten Blitar,jumlah_tenaga_teknik_biomedika,162
5,522,2024,Kabupaten Blitar,tenaga_kesehatan_tenaga_kesehatan_masyarakat,752
5,522,2024,Kabupaten Blitar,jumlah_tenaga_kesehatan_psikologi_klinis,86
5,522,2024,Kabupaten Blitar,jumlah_tenaga_keterapian_fisik,21
5,522,2024,Kabupaten Blitar,tenaga_kesehatan_bidan,6
5,522,2024,Kabupaten Blitar,tenaga_kesehatan_dokter,0
5,522,2024,Kabupaten Blitar,jumlah_tenaga_kesehatan_tradisional,3
5,522,2024,Kabupaten Blitar,tenaga_kesehatan_perawat,455
5,522,2024,Kabupaten Blitar,tenaga_kesehatan_tenaga_gizi,59
5,522,2024,Kabupaten Blitar,jumlah_tenaga_medis,35
5,522,2024,Kabupaten Blitar,jumlah_tenaga_keteknisan_medis,136
6,522,2024,Kabupaten Kediri,jumlah_tenaga_keteknisan_medis,183
6,522,2024,Kabupaten Kediri,tenaga_kesehatan_tenaga_gizi,82
6,522,2024,Kabupaten Kediri,jumlah_tenaga_kesehatan_tradisional,3
6,522,2024,Kabupaten Kediri,tenaga_kesehatan_tenaga_kesehatan_masyarakat,937
6,522,2024,Kabupaten Kediri,jumlah_tenaga_kesehatan_psikologi_klinis,114
6,522,2024,Kabupaten Kediri,jumlah_tenaga_teknik_biomedika,249
6,522,2024,Kabupaten Kediri,jumlah_tenaga_keterapian_fisik,45
6,522,2024,Kabupaten Kediri,tenaga_kesehatan_tenaga_kefarmasian,1691
6,522,2024,Kabupaten Kediri,tenaga_kesehatan_bidan,3
6,522,2024,Kabupaten Kediri,tenaga_kesehatan_dokter,0
6,522,2024,Kabupaten Kediri,jumlah_tenaga_medis,59
6,522,2024,Kabupaten Kediri,tenaga_kesehatan_perawat,753
6,522,2024,Kabupaten Kediri,tenaga_kesehatan_tenaga_kesehatan_lingkungan,594
7,522,2024,Kabupaten Malang,tenaga_kesehatan_dokter,0
7,522,2024,Kabupaten Malang,tenaga_kesehatan_tenaga_kesehatan_masyarakat,1601
7,522,2024,Kabupaten Malang,tenaga_kesehatan_tenaga_kefarmasian,4114
7,522,2024,Kabupaten Malang,jumlah_tenaga_keterapian_fisik,76
7,522,2024,Kabupaten Malang,tenaga_kesehatan_perawat,1671
7,522,2024,Kabupaten Malang,jumlah_tenaga_kesehatan_tradisional,0
7,522,2024,Kabupaten Malang,tenaga_kesehatan_bidan,17
7,522,2024,Kabupaten Malang,jumlah_tenaga_teknik_biomedika,447
7,522,2024,Kabupaten Malang,tenaga_kesehatan_tenaga_gizi,120
7,522,2024,Kabupaten Malang,jumlah_tenaga_keteknisan_medis,408
7,522,2024,Kabupaten Malang,jumlah_tenaga_kesehatan_psikologi_klinis,191
7,522,2024,Kabupaten Malang,jumlah_tenaga_medis,72
7,522,2024,Kabupaten Malang,tenaga_kesehatan_tenaga_kesehatan_lingkungan,930
8,522,2024,Kabupaten Lumajang,jumlah_tenaga_medis,36
8,522,2024,Kabupaten Lumajang,jumlah_tenaga_kesehatan_psikologi_klinis,92
8,522,2024,Kabupaten Lumajang,tenaga_kesehatan_bidan,2
8,522,2024,Kabupaten Lumajang,tenaga_kesehatan_tenaga_kefarmasian,1682
8,522,2024,Kabupaten Lumajang,jumlah_tenaga_teknik_biomedika,165
8,522,2024,Kabupaten Lumajang,tenaga_kesehatan_tenaga_kesehatan_lingkungan,337
8,522,2024,Kabupaten Lumajang,tenaga_kesehatan_perawat,435
8,522,2024,Kabupaten Lumajang,tenaga_kesehatan_tenaga_kesehatan_masyarakat,826
8,522,2024,Kabupaten Lumajang,jumlah_tenaga_kesehatan_tradisional,3
8,522,2024,Kabupaten Lumajang,tenaga_kesehatan_tenaga_gizi,123
8,522,2024,Kabupaten Lumajang,jumlah_tenaga_keterapian_fisik,18
8,522,2024,Kabupaten Lumajang,jumlah_tenaga_keteknisan_medis,131
8,522,2024,Kabupaten Lumajang,tenaga_kesehatan_dokter,0
9,522,2024,Kabupaten Jember,tenaga_kesehatan_tenaga_kefarmasian,3065
9,522,2024,Kabupaten Jember,tenaga_kesehatan_perawat,921
9,522,2024,Kabupaten Jember,tenaga_kesehatan_tenaga_kesehatan_masyarakat,1641
9,522,2024,Kabupaten Jember,jumlah_tenaga_teknik_biomedika,371
9,522,2024,Kabupaten Jember,jumlah_tenaga_medis,57
9,522,2024,Kabupaten Jember,jumlah_tenaga_kesehatan_psikologi_klinis,181
9,522,2024,Kabupaten Jember,jumlah_tenaga_keteknisan_medis,250
9,522,2024,Kabupaten Jember,tenaga_kesehatan_tenaga_kesehatan_lingkungan,744
9,522,2024,Kabupaten Jember,tenaga_kesehatan_dokter,0
9,522,2024,Kabupaten Jember,tenaga_kesehatan_bidan,6
9,522,2024,Kabupaten Jember,jumlah_tenaga_kesehatan_tradisional,0
9,522,2024,Kabupaten Jember,tenaga_kesehatan_tenaga_gizi,196
9,522,2024,Kabupaten Jember,jumlah_tenaga_keterapian_fisik,44
10,522,2024,Kabupaten Banyuwangi,tenaga_kesehatan_dokter,0
10,522,2024,Kabupaten Banyuwangi,jumlah_tenaga_kesehatan_psikologi_klinis,110
10,522,2024,Kabupaten Banyuwangi,tenaga_kesehatan_tenaga_gizi,98
10,522,2024,Kabupaten Banyuwangi,tenaga_kesehatan_bidan,5
10,522,2024,Kabupaten Banyuwangi,jumlah_tenaga_keterapian_fisik,24
10,522,2024,Kabupaten Banyuwangi,tenaga_kesehatan_tenaga_kesehatan_lingkungan,470
10,522,2024,Kabupaten Banyuwangi,jumlah_tenaga_keteknisan_medis,164
10,522,2024,Kabupaten Banyuwangi,jumlah_tenaga_teknik_biomedika,237
10,522,2024,Kabupaten Banyuwangi,tenaga_kesehatan_tenaga_kesehatan_masyarakat,1142
10,522,2024,Kabupaten Banyuwangi,jumlah_tenaga_kesehatan_tradisional,0
10,522,2024,Kabupaten Banyuwangi,tenaga_kesehatan_perawat,705
10,522,2024,Kabupaten Banyuwangi,tenaga_kesehatan_tenaga_kefarmasian,2077
10,522,2024,Kabupaten Banyuwangi,jumlah_tenaga_medis,36
11,522,2024,Kabupaten Bondowoso,tenaga_kesehatan_tenaga_kesehatan_lingkungan,160
11,522,2024,Kabupaten Bondowoso,tenaga_kesehatan_tenaga_kefarmasian,1326
11,522,2024,Kabupaten Bondowoso,tenaga_kesehatan_perawat,235
11,522,2024,Kabupaten Bondowoso,tenaga_kesehatan_tenaga_gizi,87
11,522,2024,Kabupaten Bondowoso,jumlah_tenaga_kesehatan_psikologi_klinis,66
11,522,2024,Kabupaten Bondowoso,jumlah_tenaga_kesehatan_tradisional,0
11,522,2024,Kabupaten Bondowoso,tenaga_kesehatan_dokter,0
11,522,2024,Kabupaten Bondowoso,jumlah_tenaga_medis,40
11,522,2024,Kabupaten Bondowoso,jumlah_tenaga_keteknisan_medis,71
11,522,2024,Kabupaten Bondowoso,jumlah_tenaga_keterapian_fisik,15
11,522,2024,Kabupaten Bondowoso,tenaga_kesehatan_tenaga_kesehatan_masyarakat,731
11,522,2024,Kabupaten Bondowoso,jumlah_tenaga_teknik_biomedika,106
11,522,2024,Kabupaten Bondowoso,tenaga_kesehatan_bidan,1
12,522,2024,Kabupaten Situbondo,jumlah_tenaga_keteknisan_medis,82
12,522,2024,Kabupaten Situbondo,tenaga_kesehatan_dokter,0
12,522,2024,Kabupaten Situbondo,jumlah_tenaga_teknik_biomedika,103
12,522,2024,Kabupaten Situbondo,tenaga_kesehatan_perawat,245
12,522,2024,Kabupaten Situbondo,jumlah_tenaga_medis,25
12,522,2024,Kabupaten Situbondo,tenaga_kesehatan_tenaga_kefarmasian,1101
12,522,2024,Kabupaten Situbondo,tenaga_kesehatan_tenaga_kesehatan_masyarakat,757
12,522,2024,Kabupaten Situbondo,jumlah_tenaga_kesehatan_psikologi_klinis,73
12,522,2024,Kabupaten Situbondo,tenaga_kesehatan_tenaga_kesehatan_lingkungan,146
12,522,2024,Kabupaten Situbondo,jumlah_tenaga_keterapian_fisik,7
12,522,2024,Kabupaten Situbondo,tenaga_kesehatan_tenaga_gizi,70
12,522,2024,Kabupaten Situbondo,jumlah_tenaga_kesehatan_tradisional,0
12,522,2024,Kabupaten Situbondo,tenaga_kesehatan_bidan,1
13,522,2024,Kabupaten Probolinggo,tenaga_kesehatan_tenaga_kesehatan_masyarakat,809
13,522,2024,Kabupaten Probolinggo,tenaga_kesehatan_dokter,0
13,522,2024,Kabupaten Probolinggo,jumlah_tenaga_kesehatan_tradisional,0
13,522,2024,Kabupaten Probolinggo,tenaga_kesehatan_bidan,0
13,522,2024,Kabupaten Probolinggo,tenaga_kesehatan_perawat,291
13,522,2024,Kabupaten Probolinggo,jumlah_tenaga_keterapian_fisik,9
13,522,2024,Kabupaten Probolinggo,tenaga_kesehatan_tenaga_kesehatan_lingkungan,173
13,522,2024,Kabupaten Probolinggo,jumlah_tenaga_teknik_biomedika,112
13,522,2024,Kabupaten Probolinggo,jumlah_tenaga_kesehatan_psikologi_klinis,76
13,522,2024,Kabupaten Probolinggo,jumlah_tenaga_medis,34
13,522,2024,Kabupaten Probolinggo,tenaga_kesehatan_tenaga_kefarmasian,1269
13,522,2024,Kabupaten Probolinggo,jumlah_tenaga_keteknisan_medis,78
13,522,2024,Kabupaten Probolinggo,tenaga_kesehatan_tenaga_gizi,62
14,522,2024,Kabupaten Pasuruan,jumlah_tenaga_kesehatan_psikologi_klinis,96
14,522,2024,Kabupaten Pasuruan,tenaga_kesehatan_tenaga_kesehatan_lingkungan,494
14,522,2024,Kabupaten Pasuruan,tenaga_kesehatan_dokter,0
14,522,2024,Kabupaten Pasuruan,jumlah_tenaga_medis,45
14,522,2024,Kabupaten Pasuruan,tenaga_kesehatan_bidan,2
14,522,2024,Kabupaten Pasuruan,tenaga_kesehatan_tenaga_kefarmasian,1950
14,522,2024,Kabupaten Pasuruan,jumlah_tenaga_keterapian_fisik,24
14,522,2024,Kabupaten Pasuruan,jumlah_tenaga_teknik_biomedika,229
14,522,2024,Kabupaten Pasuruan,tenaga_kesehatan_tenaga_kesehatan_masyarakat,1044
14,522,2024,Kabupaten Pasuruan,jumlah_tenaga_kesehatan_tradisional,0
14,522,2024,Kabupaten Pasuruan,tenaga_kesehatan_tenaga_gizi,99
14,522,2024,Kabupaten Pasuruan,tenaga_kesehatan_perawat,673
14,522,2024,Kabupaten Pasuruan,jumlah_tenaga_keteknisan_medis,141
15,522,2024,Kabupaten Sidoarjo,jumlah_tenaga_kesehatan_psikologi_klinis,158
15,522,2024,Kabupaten Sidoarjo,tenaga_kesehatan_tenaga_gizi,231
15,522,2024,Kabupaten Sidoarjo,jumlah_tenaga_keteknisan_medis,305
15,522,2024,Kabupaten Sidoarjo,tenaga_kesehatan_perawat,2203
15,522,2024,Kabupaten Sidoarjo,jumlah_tenaga_teknik_biomedika,622
15,522,2024,Kabupaten Sidoarjo,jumlah_tenaga_keterapian_fisik,87
15,522,2024,Kabupaten Sidoarjo,tenaga_kesehatan_tenaga_kesehatan_masyarakat,1460
15,522,2024,Kabupaten Sidoarjo,jumlah_tenaga_kesehatan_tradisional,3
15,522,2024,Kabupaten Sidoarjo,tenaga_kesehatan_tenaga_kefarmasian,4058
15,522,2024,Kabupaten Sidoarjo,tenaga_kesehatan_tenaga_kesehatan_lingkungan,1427
15,522,2024,Kabupaten Sidoarjo,jumlah_tenaga_medis,97
15,522,2024,Kabupaten Sidoarjo,tenaga_kesehatan_dokter,0
15,522,2024,Kabupaten Sidoarjo,tenaga_kesehatan_bidan,6
16,522,2024,Kabupaten Mojokerto,tenaga_kesehatan_dokter,0
16,522,2024,Kabupaten Mojokerto,jumlah_tenaga_teknik_biomedika,273
16,522,2024,Kabupaten Mojokerto,jumlah_tenaga_kesehatan_tradisional,17
16,522,2024,Kabupaten Mojokerto,tenaga_kesehatan_perawat,753
16,522,2024,Kabupaten Mojokerto,tenaga_kesehatan_tenaga_gizi,70
16,522,2024,Kabupaten Mojokerto,tenaga_kesehatan_tenaga_kefarmasian,1874
16,522,2024,Kabupaten Mojokerto,jumlah_tenaga_keteknisan_medis,169
16,522,2024,Kabupaten Mojokerto,tenaga_kesehatan_tenaga_kesehatan_lingkungan,387
16,522,2024,Kabupaten Mojokerto,jumlah_tenaga_keterapian_fisik,31
16,522,2024,Kabupaten Mojokerto,jumlah_tenaga_kesehatan_psikologi_klinis,80
16,522,2024,Kabupaten Mojokerto,tenaga_kesehatan_tenaga_kesehatan_masyarakat,853
16,522,2024,Kabupaten Mojokerto,jumlah_tenaga_medis,41
16,522,2024,Kabupaten Mojokerto,tenaga_kesehatan_bidan,1
17,522,2024,Kabupaten Jombang,jumlah_tenaga_keterapian_fisik,48
17,522,2024,Kabupaten Jombang,tenaga_kesehatan_bidan,3
17,522,2024,Kabupaten Jombang,jumlah_tenaga_teknik_biomedika,292
17,522,2024,Kabupaten Jombang,jumlah_tenaga_keteknisan_medis,201
17,522,2024,Kabupaten Jombang,jumlah_tenaga_medis,57
17,522,2024,Kabupaten Jombang,tenaga_kesehatan_tenaga_kesehatan_masyarakat,1314
17,522,2024,Kabupaten Jombang,tenaga_kesehatan_dokter,0
17,522,2024,Kabupaten Jombang,jumlah_tenaga_kesehatan_psikologi_klinis,97
17,522,2024,Kabupaten Jombang,jumlah_tenaga_kesehatan_tradisional,12
17,522,2024,Kabupaten Jombang,tenaga_kesehatan_tenaga_gizi,97
17,522,2024,Kabupaten Jombang,tenaga_kesehatan_perawat,644
17,522,2024,Kabupaten Jombang,tenaga_kesehatan_tenaga_kesehatan_lingkungan,412
17,522,2024,Kabupaten Jombang,tenaga_kesehatan_tenaga_kefarmasian,2030
18,522,2024,Kabupaten Nganjuk,tenaga_kesehatan_bidan,3
18,522,2024,Kabupaten Nganjuk,jumlah_tenaga_kesehatan_psikologi_klinis,77
18,522,2024,Kabupaten Nganjuk,tenaga_kesehatan_dokter,0
18,522,2024,Kabupaten Nganjuk,jumlah_tenaga_kesehatan_tradisional,0
18,522,2024,Kabupaten Nganjuk,jumlah_tenaga_medis,37
18,522,2024,Kabupaten Nganjuk,tenaga_kesehatan_tenaga_kesehatan_lingkungan,390
18,522,2024,Kabupaten Nganjuk,jumlah_tenaga_teknik_biomedika,164
18,522,2024,Kabupaten Nganjuk,tenaga_kesehatan_tenaga_kesehatan_masyarakat,753
18,522,2024,Kabupaten Nganjuk,jumlah_tenaga_keteknisan_medis,119
18,522,2024,Kabupaten Nganjuk,jumlah_tenaga_keterapian_fisik,10
18,522,2024,Kabupaten Nganjuk,tenaga_kesehatan_tenaga_kefarmasian,1342
18,522,2024,Kabupaten Nganjuk,tenaga_kesehatan_perawat,359
18,522,2024,Kabupaten Nganjuk,tenaga_kesehatan_tenaga_gizi,55
19,522,2024,Kabupaten Madiun,jumlah_tenaga_teknik_biomedika,130
19,522,2024,Kabupaten Madiun,tenaga_kesehatan_tenaga_kesehatan_masyarakat,533
19,522,2024,Kabupaten Madiun,tenaga_kesehatan_tenaga_kefarmasian,883
19,522,2024,Kabupaten Madiun,tenaga_kesehatan_tenaga_gizi,54
19,522,2024,Kabupaten Madiun,tenaga_kesehatan_dokter,0
19,522,2024,Kabupaten Madiun,jumlah_tenaga_kesehatan_psikologi_klinis,52
19,522,2024,Kabupaten Madiun,jumlah_tenaga_kesehatan_tradisional,0
19,522,2024,Kabupaten Madiun,tenaga_kesehatan_tenaga_kesehatan_lingkungan,273
19,522,2024,Kabupaten Madiun,jumlah_tenaga_keteknisan_medis,77
19,522,2024,Kabupaten Madiun,jumlah_tenaga_keterapian_fisik,39
19,522,2024,Kabupaten Madiun,tenaga_kesehatan_perawat,265
19,522,2024,Kabupaten Madiun,jumlah_tenaga_medis,33
19,522,2024,Kabupaten Madiun,tenaga_kesehatan_bidan,0
20,522,2024,Kabupaten Magetan,jumlah_tenaga_keterapian_fisik,35
20,522,2024,Kabupaten Magetan,tenaga_kesehatan_perawat,262
20,522,2024,Kabupaten Magetan,jumlah_tenaga_medis,49
20,522,2024,Kabupaten Magetan,jumlah_tenaga_kesehatan_psikologi_klinis,54
20,522,2024,Kabupaten Magetan,tenaga_kesehatan_dokter,0
20,522,2024,Kabupaten Magetan,tenaga_kesehatan_bidan,0
20,522,2024,Kabupaten Magetan,tenaga_kesehatan_tenaga_gizi,77
20,522,2024,Kabupaten Magetan,jumlah_tenaga_kesehatan_tradisional,0
20,522,2024,Kabupaten Magetan,tenaga_kesehatan_tenaga_kefarmasian,1050
20,522,2024,Kabupaten Magetan,tenaga_kesehatan_tenaga_kesehatan_lingkungan,294
20,522,2024,Kabupaten Magetan,jumlah_tenaga_keteknisan_medis,125
20,522,2024,Kabupaten Magetan,jumlah_tenaga_teknik_biomedika,127
20,522,2024,Kabupaten Magetan,tenaga_kesehatan_tenaga_kesehatan_masyarakat,677
21,522,2024,Kabupaten Ngawi,jumlah_tenaga_kesehatan_psikologi_klinis,72
21,522,2024,Kabupaten Ngawi,jumlah_tenaga_keteknisan_medis,137
21,522,2024,Kabupaten Ngawi,jumlah_tenaga_keterapian_fisik,58
21,522,2024,Kabupaten Ngawi,tenaga_kesehatan_tenaga_kesehatan_masyarakat,727
21,522,2024,Kabupaten Ngawi,tenaga_kesehatan_tenaga_gizi,91
21,522,2024,Kabupaten Ngawi,tenaga_kesehatan_perawat,440
21,522,2024,Kabupaten Ngawi,tenaga_kesehatan_tenaga_kefarmasian,1384
21,522,2024,Kabupaten Ngawi,tenaga_kesehatan_bidan,2
21,522,2024,Kabupaten Ngawi,jumlah_tenaga_teknik_biomedika,127
21,522,2024,Kabupaten Ngawi,tenaga_kesehatan_dokter,0
21,522,2024,Kabupaten Ngawi,tenaga_kesehatan_tenaga_kesehatan_lingkungan,254
21,522,2024,Kabupaten Ngawi,jumlah_tenaga_kesehatan_tradisional,0
21,522,2024,Kabupaten Ngawi,jumlah_tenaga_medis,51
22,522,2024,Kabupaten Bojonegoro,jumlah_tenaga_kesehatan_tradisional,0
22,522,2024,Kabupaten Bojonegoro,jumlah_tenaga_medis,58
22,522,2024,Kabupaten Bojonegoro,jumlah_tenaga_kesehatan_psikologi_klinis,85
22,522,2024,Kabupaten Bojonegoro,tenaga_kesehatan_bidan,2
22,522,2024,Kabupaten Bojonegoro,tenaga_kesehatan_tenaga_kesehatan_lingkungan,387
22,522,2024,Kabupaten Bojonegoro,tenaga_kesehatan_perawat,491
22,522,2024,Kabupaten Bojonegoro,jumlah_tenaga_keteknisan_medis,177
22,522,2024,Kabupaten Bojonegoro,jumlah_tenaga_teknik_biomedika,234
22,522,2024,Kabupaten Bojonegoro,tenaga_kesehatan_tenaga_kefarmasian,1873
22,522,2024,Kabupaten Bojonegoro,tenaga_kesehatan_tenaga_gizi,100
22,522,2024,Kabupaten Bojonegoro,tenaga_kesehatan_dokter,0
22,522,2024,Kabupaten Bojonegoro,tenaga_kesehatan_tenaga_kesehatan_masyarakat,1246
22,522,2024,Kabupaten Bojonegoro,jumlah_tenaga_keterapian_fisik,27
23,522,2024,Kabupaten Tuban,tenaga_kesehatan_bidan,2
23,522,2024,Kabupaten Tuban,jumlah_tenaga_kesehatan_tradisional,1
23,522,2024,Kabupaten Tuban,tenaga_kesehatan_perawat,452
23,522,2024,Kabupaten Tuban,jumlah_tenaga_kesehatan_psikologi_klinis,69
23,522,2024,Kabupaten Tuban,jumlah_tenaga_teknik_biomedika,181
23,522,2024,Kabupaten Tuban,tenaga_kesehatan_tenaga_gizi,56
23,522,2024,Kabupaten Tuban,jumlah_tenaga_keterapian_fisik,30
23,522,2024,Kabupaten Tuban,jumlah_tenaga_medis,45
23,522,2024,Kabupaten Tuban,tenaga_kesehatan_tenaga_kesehatan_lingkungan,304
23,522,2024,Kabupaten Tuban,jumlah_tenaga_keteknisan_medis,91
23,522,2024,Kabupaten Tuban,tenaga_kesehatan_tenaga_kefarmasian,1354
23,522,2024,Kabupaten Tuban,tenaga_kesehatan_dokter,0
23,522,2024,Kabupaten Tuban,tenaga_kesehatan_tenaga_kesehatan_masyarakat,820
24,522,2024,Kabupaten Lamongan,jumlah_tenaga_kesehatan_tradisional,1
24,522,2024,Kabupaten Lamongan,tenaga_kesehatan_dokter,0
24,522,2024,Kabupaten Lamongan,tenaga_kesehatan_tenaga_kesehatan_masyarakat,1333
24,522,2024,Kabupaten Lamongan,tenaga_kesehatan_perawat,729
24,522,2024,Kabupaten Lamongan,jumlah_tenaga_teknik_biomedika,303
24,522,2024,Kabupaten Lamongan,tenaga_kesehatan_tenaga_gizi,76
24,522,2024,Kabupaten Lamongan,jumlah_tenaga_keteknisan_medis,151
24,522,2024,Kabupaten Lamongan,jumlah_tenaga_medis,40
24,522,2024,Kabupaten Lamongan,jumlah_tenaga_kesehatan_psikologi_klinis,110
24,522,2024,Kabupaten Lamongan,tenaga_kesehatan_tenaga_kesehatan_lingkungan,496
24,522,2024,Kabupaten Lamongan,jumlah_tenaga_keterapian_fisik,38
24,522,2024,Kabupaten Lamongan,tenaga_kesehatan_bidan,1
24,522,2024,Kabupaten Lamongan,tenaga_kesehatan_tenaga_kefarmasian,2633
25,522,2024,Kabupaten Gresik,jumlah_tenaga_kesehatan_tradisional,0
25,522,2024,Kabupaten Gresik,tenaga_kesehatan_bidan,4
25,522,2024,Kabupaten Gresik,tenaga_kesehatan_tenaga_kefarmasian,2384
25,522,2024,Kabupaten Gresik,jumlah_tenaga_teknik_biomedika,386
25,522,2024,Kabupaten Gresik,tenaga_kesehatan_tenaga_kesehatan_lingkungan,577
25,522,2024,Kabupaten Gresik,tenaga_kesehatan_tenaga_kesehatan_masyarakat,1262
25,522,2024,Kabupaten Gresik,tenaga_kesehatan_dokter,0
25,522,2024,Kabupaten Gresik,jumlah_tenaga_keteknisan_medis,226
25,522,2024,Kabupaten Gresik,tenaga_kesehatan_perawat,1129
25,522,2024,Kabupaten Gresik,jumlah_tenaga_kesehatan_psikologi_klinis,93
25,522,2024,Kabupaten Gresik,jumlah_tenaga_medis,54
25,522,2024,Kabupaten Gresik,jumlah_tenaga_keterapian_fisik,91
25,522,2024,Kabupaten Gresik,tenaga_kesehatan_tenaga_gizi,90
26,522,2024,Kabupaten Bangkalan,tenaga_kesehatan_tenaga_gizi,48
26,522,2024,Kabupaten Bangkalan,jumlah_tenaga_teknik_biomedika,139
26,522,2024,Kabupaten Bangkalan,jumlah_tenaga_kesehatan_psikologi_klinis,41
26,522,2024,Kabupaten Bangkalan,tenaga_kesehatan_dokter,0
26,522,2024,Kabupaten Bangkalan,jumlah_tenaga_kesehatan_tradisional,0
26,522,2024,Kabupaten Bangkalan,jumlah_tenaga_keterapian_fisik,10
26,522,2024,Kabupaten Bangkalan,tenaga_kesehatan_tenaga_kesehatan_masyarakat,1131
26,522,2024,Kabupaten Bangkalan,tenaga_kesehatan_tenaga_kesehatan_lingkungan,140
26,522,2024,Kabupaten Bangkalan,tenaga_kesehatan_tenaga_kefarmasian,1239
26,522,2024,Kabupaten Bangkalan,tenaga_kesehatan_bidan,5
26,522,2024,Kabupaten Bangkalan,jumlah_tenaga_medis,24
26,522,2024,Kabupaten Bangkalan,tenaga_kesehatan_perawat,288
26,522,2024,Kabupaten Bangkalan,jumlah_tenaga_keteknisan_medis,78
27,522,2024,Kabupaten Sampang,jumlah_tenaga_keterapian_fisik,4
27,522,2024,Kabupaten Sampang,jumlah_tenaga_kesehatan_tradisional,1
27,522,2024,Kabupaten Sampang,tenaga_kesehatan_tenaga_gizi,64
27,522,2024,Kabupaten Sampang,tenaga_kesehatan_bidan,1
27,522,2024,Kabupaten Sampang,tenaga_kesehatan_tenaga_kefarmasian,1187
27,522,2024,Kabupaten Sampang,tenaga_kesehatan_tenaga_kesehatan_lingkungan,107
27,522,2024,Kabupaten Sampang,tenaga_kesehatan_dokter,0
27,522,2024,Kabupaten Sampang,jumlah_tenaga_kesehatan_psikologi_klinis,54
27,522,2024,Kabupaten Sampang,jumlah_tenaga_keteknisan_medis,88
27,522,2024,Kabupaten Sampang,jumlah_tenaga_teknik_biomedika,135
27,522,2024,Kabupaten Sampang,jumlah_tenaga_medis,35
27,522,2024,Kabupaten Sampang,tenaga_kesehatan_perawat,216
27,522,2024,Kabupaten Sampang,tenaga_kesehatan_tenaga_kesehatan_masyarakat,881
28,522,2024,Kabupaten Pamekasan,jumlah_tenaga_kesehatan_psikologi_klinis,64
28,522,2024,Kabupaten Pamekasan,tenaga_kesehatan_dokter,0
28,522,2024,Kabupaten Pamekasan,tenaga_kesehatan_tenaga_kefarmasian,1412
28,522,2024,Kabupaten Pamekasan,tenaga_kesehatan_tenaga_kesehatan_lingkungan,213
28,522,2024,Kabupaten Pamekasan,jumlah_tenaga_keteknisan_medis,139
28,522,2024,Kabupaten Pamekasan,tenaga_kesehatan_bidan,0
28,522,2024,Kabupaten Pamekasan,jumlah_tenaga_keterapian_fisik,8
28,522,2024,Kabupaten Pamekasan,tenaga_kesehatan_perawat,288
28,522,2024,Kabupaten Pamekasan,jumlah_tenaga_kesehatan_tradisional,0
28,522,2024,Kabupaten Pamekasan,jumlah_tenaga_teknik_biomedika,199
28,522,2024,Kabupaten Pamekasan,tenaga_kesehatan_tenaga_kesehatan_masyarakat,842
28,522,2024,Kabupaten Pamekasan,jumlah_tenaga_medis,41
28,522,2024,Kabupaten Pamekasan,tenaga_kesehatan_tenaga_gizi,92
29,522,2024,Kabupaten Sumenep,tenaga_kesehatan_tenaga_kesehatan_masyarakat,1258
29,522,2024,Kabupaten Sumenep,jumlah_tenaga_kesehatan_psikologi_klinis,83
29,522,2024,Kabupaten Sumenep,jumlah_tenaga_kesehatan_tradisional,1
29,522,2024,Kabupaten Sumenep,jumlah_tenaga_teknik_biomedika,141
29,522,2024,Kabupaten Sumenep,jumlah_tenaga_medis,39
29,522,2024,Kabupaten Sumenep,tenaga_kesehatan_tenaga_kesehatan_lingkungan,159
29,522,2024,Kabupaten Sumenep,tenaga_kesehatan_bidan,1
29,522,2024,Kabupaten Sumenep,jumlah_tenaga_keteknisan_medis,115
29,522,2024,Kabupaten Sumenep,tenaga_kesehatan_tenaga_kefarmasian,1620
29,522,2024,Kabupaten Sumenep,tenaga_kesehatan_tenaga_gizi,72
29,522,2024,Kabupaten Sumenep,tenaga_kesehatan_dokter,0
29,522,2024,Kabupaten Sumenep,tenaga_kesehatan_perawat,309
29,522,2024,Kabupaten Sumenep,jumlah_tenaga_keterapian_fisik,13
30,522,2024,Kota Kediri,jumlah_tenaga_kesehatan_tradisional,7
30,522,2024,Kota Kediri,tenaga_kesehatan_tenaga_kesehatan_lingkungan,567
30,522,2024,Kota Kediri,jumlah_tenaga_kesehatan_psikologi_klinis,67
30,522,2024,Kota Kediri,tenaga_kesehatan_dokter,0
30,522,2024,Kota Kediri,jumlah_tenaga_teknik_biomedika,265
30,522,2024,Kota Kediri,tenaga_kesehatan_tenaga_gizi,65
30,522,2024,Kota Kediri,jumlah_tenaga_keterapian_fisik,43
30,522,2024,Kota Kediri,tenaga_kesehatan_bidan,9
30,522,2024,Kota Kediri,jumlah_tenaga_medis,38
30,522,2024,Kota Kediri,jumlah_tenaga_keteknisan_medis,180
30,522,2024,Kota Kediri,tenaga_kesehatan_tenaga_kefarmasian,1777
30,522,2024,Kota Kediri,tenaga_kesehatan_tenaga_kesehatan_masyarakat,563
30,522,2024,Kota Kediri,tenaga_kesehatan_perawat,733
31,522,2024,Kota Blitar,tenaga_kesehatan_tenaga_kesehatan_lingkungan,204
31,522,2024,Kota Blitar,jumlah_tenaga_medis,11
31,522,2024,Kota Blitar,tenaga_kesehatan_bidan,2
31,522,2024,Kota Blitar,tenaga_kesehatan_dokter,0
31,522,2024,Kota Blitar,tenaga_kesehatan_tenaga_kesehatan_masyarakat,180
31,522,2024,Kota Blitar,jumlah_tenaga_kesehatan_psikologi_klinis,35
31,522,2024,Kota Blitar,tenaga_kesehatan_tenaga_gizi,55
31,522,2024,Kota Blitar,jumlah_tenaga_keteknisan_medis,85
31,522,2024,Kota Blitar,tenaga_kesehatan_tenaga_kefarmasian,844
31,522,2024,Kota Blitar,tenaga_kesehatan_perawat,302
31,522,2024,Kota Blitar,jumlah_tenaga_teknik_biomedika,135
31,522,2024,Kota Blitar,jumlah_tenaga_keterapian_fisik,28
31,522,2024,Kota Blitar,jumlah_tenaga_kesehatan_tradisional,0
32,522,2024,Kota Malang,tenaga_kesehatan_tenaga_gizi,94
32,522,2024,Kota Malang,jumlah_tenaga_keterapian_fisik,116
32,522,2024,Kota Malang,tenaga_kesehatan_dokter,0
32,522,2024,Kota Malang,jumlah_tenaga_teknik_biomedika,559
32,522,2024,Kota Malang,tenaga_kesehatan_perawat,2039
32,522,2024,Kota Malang,tenaga_kesehatan_tenaga_kesehatan_lingkungan,951
32,522,2024,Kota Malang,tenaga_kesehatan_tenaga_kesehatan_masyarakat,920
32,522,2024,Kota Malang,jumlah_tenaga_kesehatan_tradisional,19
32,522,2024,Kota Malang,jumlah_tenaga_keteknisan_medis,495
32,522,2024,Kota Malang,jumlah_tenaga_medis,79
32,522,2024,Kota Malang,tenaga_kesehatan_tenaga_kefarmasian,3897
32,522,2024,Kota Malang,tenaga_kesehatan_bidan,13
32,522,2024,Kota Malang,jumlah_tenaga_kesehatan_psikologi_klinis,195
33,522,2024,Kota Probolinggo,jumlah_tenaga_keterapian_fisik,19
33,522,2024,Kota Probolinggo,tenaga_kesehatan_dokter,0
33,522,2024,Kota Probolinggo,tenaga_kesehatan_tenaga_gizi,34
33,522,2024,Kota Probolinggo,tenaga_kesehatan_tenaga_kesehatan_masyarakat,300
33,522,2024,Kota Probolinggo,tenaga_kesehatan_bidan,1
33,522,2024,Kota Probolinggo,jumlah_tenaga_keteknisan_medis,57
33,522,2024,Kota Probolinggo,tenaga_kesehatan_perawat,278
33,522,2024,Kota Probolinggo,tenaga_kesehatan_tenaga_kefarmasian,599
33,522,2024,Kota Probolinggo,jumlah_tenaga_teknik_biomedika,81
33,522,2024,Kota Probolinggo,jumlah_tenaga_kesehatan_tradisional,0
33,522,2024,Kota Probolinggo,tenaga_kesehatan_tenaga_kesehatan_lingkungan,153
33,522,2024,Kota Probolinggo,jumlah_tenaga_medis,30
33,522,2024,Kota Probolinggo,jumlah_tenaga_kesehatan_psikologi_klinis,28
34,522,2024,Kota Pasuruan,tenaga_kesehatan_dokter,0
34,522,2024,Kota Pasuruan,jumlah_tenaga_kesehatan_tradisional,0
34,522,2024,Kota Pasuruan,tenaga_kesehatan_perawat,261
34,522,2024,Kota Pasuruan,jumlah_tenaga_keterapian_fisik,6
34,522,2024,Kota Pasuruan,jumlah_tenaga_teknik_biomedika,79
34,522,2024,Kota Pasuruan,tenaga_kesehatan_tenaga_kesehatan_lingkungan,120
34,522,2024,Kota Pasuruan,tenaga_kesehatan_tenaga_kesehatan_masyarakat,271
34,522,2024,Kota Pasuruan,jumlah_tenaga_medis,16
34,522,2024,Kota Pasuruan,tenaga_kesehatan_bidan,1
34,522,2024,Kota Pasuruan,tenaga_kesehatan_tenaga_gizi,48
34,522,2024,Kota Pasuruan,tenaga_kesehatan_tenaga_kefarmasian,568
34,522,2024,Kota Pasuruan,jumlah_tenaga_kesehatan_psikologi_klinis,36
34,522,2024,Kota Pasuruan,jumlah_tenaga_keteknisan_medis,74
35,522,2024,Kota Mojokerto,tenaga_kesehatan_tenaga_gizi,26
35,522,2024,Kota Mojokerto,tenaga_kesehatan_dokter,0
35,522,2024,Kota Mojokerto,tenaga_kesehatan_tenaga_kesehatan_lingkungan,250
35,522,2024,Kota Mojokerto,tenaga_kesehatan_tenaga_kefarmasian,954
35,522,2024,Kota Mojokerto,jumlah_tenaga_kesehatan_tradisional,1
35,522,2024,Kota Mojokerto,tenaga_kesehatan_bidan,4
35,522,2024,Kota Mojokerto,tenaga_kesehatan_perawat,396
35,522,2024,Kota Mojokerto,jumlah_tenaga_teknik_biomedika,148
35,522,2024,Kota Mojokerto,jumlah_tenaga_keteknisan_medis,87
35,522,2024,Kota Mojokerto,jumlah_tenaga_medis,20
35,522,2024,Kota Mojokerto,jumlah_tenaga_keterapian_fisik,31
35,522,2024,Kota Mojokerto,jumlah_tenaga_kesehatan_psikologi_klinis,35
35,522,2024,Kota Mojokerto,tenaga_kesehatan_tenaga_kesehatan_masyarakat,239
36,522,2024,Kota Madiun,jumlah_tenaga_keteknisan_medis,190
36,522,2024,Kota Madiun,tenaga_kesehatan_tenaga_kesehatan_lingkungan,464
36,522,2024,Kota Madiun,tenaga_kesehatan_tenaga_kesehatan_masyarakat,356
36,522,2024,Kota Madiun,tenaga_kesehatan_dokter,0
36,522,2024,Kota Madiun,jumlah_tenaga_kesehatan_psikologi_klinis,72
36,522,2024,Kota Madiun,tenaga_kesehatan_bidan,5
36,522,2024,Kota Madiun,tenaga_kesehatan_tenaga_gizi,113
36,522,2024,Kota Madiun,jumlah_tenaga_teknik_biomedika,255
36,522,2024,Kota Madiun,jumlah_tenaga_medis,39
36,522,2024,Kota Madiun,tenaga_kesehatan_perawat,521
36,522,2024,Kota Madiun,jumlah_tenaga_kesehatan_tradisional,0
36,522,2024,Kota Madiun,jumlah_tenaga_keterapian_fisik,46
36,522,2024,Kota Madiun,tenaga_kesehatan_tenaga_kefarmasian,1458
37,522,2024,Kota Surabaya,tenaga_kesehatan_tenaga_kefarmasian,11570
37,522,2024,Kota Surabaya,jumlah_tenaga_kesehatan_tradisional,64
37,522,2024,Kota Surabaya,jumlah_tenaga_teknik_biomedika,2280
37,522,2024,Kota Surabaya,tenaga_kesehatan_bidan,69
37,522,2024,Kota Surabaya,jumlah_tenaga_keterapian_fisik,433
37,522,2024,Kota Surabaya,jumlah_tenaga_medis,228
37,522,2024,Kota Surabaya,tenaga_kesehatan_tenaga_kesehatan_lingkungan,3482
37,522,2024,Kota Surabaya,jumlah_tenaga_keteknisan_medis,1209
37,522,2024,Kota Surabaya,tenaga_kesehatan_tenaga_kesehatan_masyarakat,2047
37,522,2024,Kota Surabaya,tenaga_kesehatan_tenaga_gizi,532
37,522,2024,Kota Surabaya,tenaga_kesehatan_perawat,7446
37,522,2024,Kota Surabaya,tenaga_kesehatan_dokter,0
37,522,2024,Kota Surabaya,jumlah_tenaga_kesehatan_psikologi_klinis,437
38,522,2024,Kota Batu,tenaga_kesehatan_perawat,303
38,522,2024,Kota Batu,tenaga_kesehatan_tenaga_kesehatan_masyarakat,154
38,522,2024,Kota Batu,jumlah_tenaga_teknik_biomedika,80
38,522,2024,Kota Batu,tenaga_kesehatan_tenaga_gizi,46
38,522,2024,Kota Batu,jumlah_tenaga_kesehatan_tradisional,3
38,522,2024,Kota Batu,jumlah_tenaga_keteknisan_medis,75
38,522,2024,Kota Batu,jumlah_tenaga_keterapian_fisik,14
38,522,2024,Kota Batu,tenaga_kesehatan_tenaga_kefarmasian,615
38,522,2024,Kota Batu,tenaga_kesehatan_bidan,4
38,522,2024,Kota Batu,jumlah_tenaga_kesehatan_psikologi_klinis,31
38,522,2024,Kota Batu,tenaga_kesehatan_dokter,0
38,522,2024,Kota Batu,tenaga_kesehatan_tenaga_kesehatan_lingkungan,190
38,522,2024,Kota Batu,jumlah_tenaga_medis,12
39,522,2024,Jawa Timur,tenaga_kesehatan_bidan,191
39,522,2024,Jawa Timur,tenaga_kesehatan_tenaga_kefarmasian,74077
39,522,2024,Jawa Timur,jumlah_tenaga_kesehatan_psikologi_klinis,3548
39,522,2024,Jawa Timur,tenaga_kesehatan_dokter,0
39,522,2024,Jawa Timur,jumlah_tenaga_medis,1830
39,522,2024,Jawa Timur,tenaga_kesehatan_tenaga_gizi,3672
39,522,2024,Jawa Timur,tenaga_kesehatan_tenaga_kesehatan_masyarakat,33177
39,522,2024,Jawa Timur,jumlah_tenaga_keterapian_fisik,1671
39,522,2024,Jawa Timur,jumlah_tenaga_teknik_biomedika,10231
39,522,2024,Jawa Timur,jumlah_tenaga_keteknisan_medis,6864
39,522,2024,Jawa Timur,tenaga_kesehatan_perawat,28943
39,522,2024,Jawa Timur,tenaga_kesehatan_tenaga_kesehatan_lingkungan,18009
39,522,2024,Jawa Timur,jumlah_tenaga_kesehatan_tradisional,142
40,522,2023,Kabupaten Pacitan,tenaga_kesehatan_tenaga_kesehatan_masyarakat,0
40,522,2023,Kabupaten Pacitan,tenaga_kesehatan_perawat,738
40,522,2023,Kabupaten Pacitan,tenaga_kesehatan_dokter,0
40,522,2023,Kabupaten Pacitan,tenaga_kesehatan_bidan,412
40,522,2023,Kabupaten Pacitan,jumlah_tenaga_kesehatan_tradisional,0
40,522,2023,Kabupaten Pacitan,tenaga_kesehatan_tenaga_kefarmasian,148
40,522,2023,Kabupaten Pacitan,jumlah_tenaga_teknik_biomedika,0
40,522,2023,Kabupaten Pacitan,jumlah_tenaga_keteknisan_medis,0
40,522,2023,Kabupaten Pacitan,tenaga_kesehatan_tenaga_kesehatan_lingkungan,0
40,522,2023,Kabupaten Pacitan,jumlah_tenaga_keterapian_fisik,0
40,522,2023,Kabupaten Pacitan,tenaga_kesehatan_tenaga_gizi,68
40,522,2023,Kabupaten Pacitan,jumlah_tenaga_kesehatan_psikologi_klinis,0
40,522,2023,Kabupaten Pacitan,jumlah_tenaga_medis,0
41,522,2023,Kabupaten Ponorogo,tenaga_kesehatan_tenaga_gizi,70
41,522,2023,Kabupaten Ponorogo,jumlah_tenaga_keterapian_fisik,0
41,522,2023,Kabupaten Ponorogo,jumlah_tenaga_keteknisan_medis,0
41,522,2023,Kabupaten Ponorogo,jumlah_tenaga_medis,0
41,522,2023,Kabupaten Ponorogo,tenaga_kesehatan_perawat,1629
41,522,2023,Kabupaten Ponorogo,tenaga_kesehatan_tenaga_kesehatan_masyarakat,0
41,522,2023,Kabupaten Ponorogo,tenaga_kesehatan_tenaga_kesehatan_lingkungan,0
41,522,2023,Kabupaten Ponorogo,jumlah_tenaga_teknik_biomedika,0
41,522,2023,Kabupaten Ponorogo,tenaga_kesehatan_dokter,0
41,522,2023,Kabupaten Ponorogo,tenaga_kesehatan_tenaga_kefarmasian,361
41,522,2023,Kabupaten Ponorogo,jumlah_tenaga_kesehatan_tradisional,0
41,522,2023,Kabupaten Ponorogo,jumlah_tenaga_kesehatan_psikologi_klinis,0
41,522,2023,Kabupaten Ponorogo,tenaga_kesehatan_bidan,759
42,522,2023,Kabupaten Trenggalek,tenaga_kesehatan_dokter,0
42,522,2023,Kabupaten Trenggalek,tenaga_kesehatan_bidan,491
42,522,2023,Kabupaten Trenggalek,jumlah_tenaga_keteknisan_medis,0
42,522,2023,Kabupaten Trenggalek,tenaga_kesehatan_tenaga_kefarmasian,176
42,522,2023,Kabupaten Trenggalek,tenaga_kesehatan_tenaga_kesehatan_lingkungan,0
42,522,2023,Kabupaten Trenggalek,jumlah_tenaga_medis,0
42,522,2023,Kabupaten Trenggalek,tenaga_kesehatan_perawat,1032
42,522,2023,Kabupaten Trenggalek,jumlah_tenaga_keterapian_fisik,0
42,522,2023,Kabupaten Trenggalek,jumlah_tenaga_kesehatan_tradisional,0
42,522,2023,Kabupaten Trenggalek,tenaga_kesehatan_tenaga_gizi,90
42,522,2023,Kabupaten Trenggalek,jumlah_tenaga_kesehatan_psikologi_klinis,0
42,522,2023,Kabupaten Trenggalek,jumlah_tenaga_teknik_biomedika,0
42,522,2023,Kabupaten Trenggalek,tenaga_kesehatan_tenaga_kesehatan_masyarakat,0
43,522,2023,Kabupaten Tulungagung,tenaga_kesehatan_dokter,0
43,522,2023,Kabupaten Tulungagung,jumlah_tenaga_keteknisan_medis,0
43,522,2023,Kabupaten Tulungagung,jumlah_tenaga_kesehatan_psikologi_klinis,0
43,522,2023,Kabupaten Tulungagung,tenaga_kesehatan_tenaga_gizi,100
43,522,2023,Kabupaten Tulungagung,tenaga_kesehatan_tenaga_kesehatan_lingkungan,0
43,522,2023,Kabupaten Tulungagung,jumlah_tenaga_teknik_biomedika,0
43,522,2023,Kabupaten Tulungagung,tenaga_kesehatan_bidan,1038
43,522,2023,Kabupaten Tulungagung,tenaga_kesehatan_tenaga_kesehatan_masyarakat,0
43,522,2023,Kabupaten Tulungagung,tenaga_kesehatan_perawat,2259
43,522,2023,Kabupaten Tulungagung,jumlah_tenaga_keterapian_fisik,0
43,522,2023,Kabupaten Tulungagung,tenaga_kesehatan_tenaga_kefarmasian,450
43,522,2023,Kabupaten Tulungagung,jumlah_tenaga_medis,0
43,522,2023,Kabupaten Tulungagung,jumlah_tenaga_kesehatan_tradisional,0
44,522,2023,Kabupaten Blitar,jumlah_tenaga_keteknisan_medis,0
44,522,2023,Kabupaten Blitar,jumlah_tenaga_kesehatan_tradisional,0
44,522,2023,Kabupaten Blitar,tenaga_kesehatan_tenaga_kesehatan_masyarakat,0
44,522,2023,Kabupaten Blitar,tenaga_kesehatan_bidan,731
44,522,2023,Kabupaten Blitar,jumlah_tenaga_medis,0
44,522,2023,Kabupaten Blitar,tenaga_kesehatan_tenaga_gizi,86
44,522,2023,Kabupaten Blitar,jumlah_tenaga_teknik_biomedika,0
44,522,2023,Kabupaten Blitar,tenaga_kesehatan_tenaga_kesehatan_lingkungan,0
44,522,2023,Kabupaten Blitar,jumlah_tenaga_keterapian_fisik,0
44,522,2023,Kabupaten Blitar,jumlah_tenaga_kesehatan_psikologi_klinis,0
44,522,2023,Kabupaten Blitar,tenaga_kesehatan_tenaga_kefarmasian,336
44,522,2023,Kabupaten Blitar,tenaga_kesehatan_dokter,0
44,522,2023,Kabupaten Blitar,tenaga_kesehatan_perawat,1186
45,522,2023,Kabupaten Kediri,jumlah_tenaga_kesehatan_tradisional,0
45,522,2023,Kabupaten Kediri,tenaga_kesehatan_tenaga_kefarmasian,483
45,522,2023,Kabupaten Kediri,jumlah_tenaga_medis,0
45,522,2023,Kabupaten Kediri,tenaga_kesehatan_perawat,1632
45,522,2023,Kabupaten Kediri,tenaga_kesehatan_tenaga_kesehatan_masyarakat,0
45,522,2023,Kabupaten Kediri,tenaga_kesehatan_dokter,0
45,522,2023,Kabupaten Kediri,jumlah_tenaga_kesehatan_psikologi_klinis,0
45,522,2023,Kabupaten Kediri,jumlah_tenaga_keteknisan_medis,0
45,522,2023,Kabupaten Kediri,jumlah_tenaga_teknik_biomedika,0
45,522,2023,Kabupaten Kediri,tenaga_kesehatan_tenaga_gizi,113
45,522,2023,Kabupaten Kediri,tenaga_kesehatan_bidan,926
45,522,2023,Kabupaten Kediri,jumlah_tenaga_keterapian_fisik,0
45,522,2023,Kabupaten Kediri,tenaga_kesehatan_tenaga_kesehatan_lingkungan,0
46,522,2023,Kabupaten Malang,jumlah_tenaga_teknik_biomedika,0
46,522,2023,Kabupaten Malang,tenaga_kesehatan_tenaga_kesehatan_masyarakat,0
46,522,2023,Kabupaten Malang,tenaga_kesehatan_bidan,1369
46,522,2023,Kabupaten Malang,jumlah_tenaga_keteknisan_medis,0
46,522,2023,Kabupaten Malang,tenaga_kesehatan_tenaga_kesehatan_lingkungan,0
46,522,2023,Kabupaten Malang,tenaga_kesehatan_perawat,3698
46,522,2023,Kabupaten Malang,tenaga_kesehatan_tenaga_gizi,156
46,522,2023,Kabupaten Malang,jumlah_tenaga_medis,0
46,522,2023,Kabupaten Malang,jumlah_tenaga_keterapian_fisik,0
46,522,2023,Kabupaten Malang,jumlah_tenaga_kesehatan_tradisional,0
46,522,2023,Kabupaten Malang,jumlah_tenaga_kesehatan_psikologi_klinis,0
46,522,2023,Kabupaten Malang,tenaga_kesehatan_dokter,0
46,522,2023,Kabupaten Malang,tenaga_kesehatan_tenaga_kefarmasian,633
47,522,2023,Kabupaten Lumajang,jumlah_tenaga_keteknisan_medis,0
47,522,2023,Kabupaten Lumajang,jumlah_tenaga_kesehatan_tradisional,0
47,522,2023,Kabupaten Lumajang,tenaga_kesehatan_perawat,1600
47,522,2023,Kabupaten Lumajang,jumlah_tenaga_kesehatan_psikologi_klinis,0
47,522,2023,Kabupaten Lumajang,tenaga_kesehatan_tenaga_kefarmasian,317
47,522,2023,Kabupaten Lumajang,jumlah_tenaga_teknik_biomedika,0
47,522,2023,Kabupaten Lumajang,tenaga_kesehatan_tenaga_kesehatan_lingkungan,0
47,522,2023,Kabupaten Lumajang,tenaga_kesehatan_tenaga_gizi,92
47,522,2023,Kabupaten Lumajang,tenaga_kesehatan_dokter,0
47,522,2023,Kabupaten Lumajang,jumlah_tenaga_medis,0
47,522,2023,Kabupaten Lumajang,jumlah_tenaga_keterapian_fisik,0
47,522,2023,Kabupaten Lumajang,tenaga_kesehatan_bidan,796
47,522,2023,Kabupaten Lumajang,tenaga_kesehatan_tenaga_kesehatan_masyarakat,0
48,522,2023,Kabupaten Jember,tenaga_kesehatan_tenaga_kesehatan_masyarakat,0
48,522,2023,Kabupaten Jember,tenaga_kesehatan_perawat,2996
48,522,2023,Kabupaten Jember,jumlah_tenaga_keterapian_fisik,0
48,522,2023,Kabupaten Jember,tenaga_kesehatan_tenaga_kefarmasian,597
48,522,2023,Kabupaten Jember,jumlah_tenaga_keteknisan_medis,0
48,522,2023,Kabupaten Jember,jumlah_tenaga_teknik_biomedika,0
48,522,2023,Kabupaten Jember,jumlah_tenaga_kesehatan_psikologi_klinis,0
48,522,2023,Kabupaten Jember,tenaga_kesehatan_tenaga_gizi,173
48,522,2023,Kabupaten Jember,tenaga_kesehatan_bidan,1629
48,522,2023,Kabupaten Jember,tenaga_kesehatan_tenaga_kesehatan_lingkungan,0
48,522,2023,Kabupaten Jember,jumlah_tenaga_medis,0
48,522,2023,Kabupaten Jember,jumlah_tenaga_kesehatan_tradisional,0
48,522,2023,Kabupaten Jember,tenaga_kesehatan_dokter,0
49,522,2023,Kabupaten Banyuwangi,jumlah_tenaga_kesehatan_tradisional,0
49,522,2023,Kabupaten Banyuwangi,tenaga_kesehatan_tenaga_gizi,104
49,522,2023,Kabupaten Banyuwangi,jumlah_tenaga_kesehatan_psikologi_klinis,0
49,522,2023,Kabupaten Banyuwangi,jumlah_tenaga_teknik_biomedika,0
49,522,2023,Kabupaten Banyuwangi,tenaga_kesehatan_dokter,0
49,522,2023,Kabupaten Banyuwangi,tenaga_kesehatan_tenaga_kefarmasian,406
49,522,2023,Kabupaten Banyuwangi,tenaga_kesehatan_bidan,1139
49,522,2023,Kabupaten Banyuwangi,tenaga_kesehatan_tenaga_kesehatan_masyarakat,0
49,522,2023,Kabupaten Banyuwangi,tenaga_kesehatan_perawat,2010
49,522,2023,Kabupaten Banyuwangi,jumlah_tenaga_keterapian_fisik,0
49,522,2023,Kabupaten Banyuwangi,jumlah_tenaga_medis,0
49,522,2023,Kabupaten Banyuwangi,tenaga_kesehatan_tenaga_kesehatan_lingkungan,0
49,522,2023,Kabupaten Banyuwangi,jumlah_tenaga_keteknisan_medis,0
50,522,2023,Kabupaten Bondowoso,jumlah_tenaga_keterapian_fisik,0
50,522,2023,Kabupaten Bondowoso,tenaga_kesehatan_tenaga_kesehatan_masyarakat,0
50,522,2023,Kabupaten Bondowoso,jumlah_tenaga_medis,0
50,522,2023,Kabupaten Bondowoso,jumlah_tenaga_teknik_biomedika,0
50,522,2023,Kabupaten Bondowoso,tenaga_kesehatan_dokter,0
50,522,2023,Kabupaten Bondowoso,jumlah_tenaga_kesehatan_psikologi_klinis,0
50,522,2023,Kabupaten Bondowoso,tenaga_kesehatan_tenaga_kefarmasian,142
50,522,2023,Kabupaten Bondowoso,tenaga_kesehatan_tenaga_gizi,60
50,522,2023,Kabupaten Bondowoso,jumlah_tenaga_keteknisan_medis,0
50,522,2023,Kabupaten Bondowoso,tenaga_kesehatan_perawat,1259
50,522,2023,Kabupaten Bondowoso,jumlah_tenaga_kesehatan_tradisional,0
50,522,2023,Kabupaten Bondowoso,tenaga_kesehatan_tenaga_kesehatan_lingkungan,0
50,522,2023,Kabupaten Bondowoso,tenaga_kesehatan_bidan,709
51,522,2023,Kabupaten Situbondo,tenaga_kesehatan_bidan,733
51,522,2023,Kabupaten Situbondo,tenaga_kesehatan_perawat,1054
51,522,2023,Kabupaten Situbondo,tenaga_kesehatan_dokter,0
51,522,2023,Kabupaten Situbondo,jumlah_tenaga_keteknisan_medis,0
51,522,2023,Kabupaten Situbondo,jumlah_tenaga_keterapian_fisik,0
51,522,2023,Kabupaten Situbondo,tenaga_kesehatan_tenaga_gizi,76
51,522,2023,Kabupaten Situbondo,jumlah_tenaga_medis,0
51,522,2023,Kabupaten Situbondo,tenaga_kesehatan_tenaga_kesehatan_lingkungan,0
51,522,2023,Kabupaten Situbondo,tenaga_kesehatan_tenaga_kesehatan_masyarakat,0
51,522,2023,Kabupaten Situbondo,jumlah_tenaga_teknik_biomedika,0
51,522,2023,Kabupaten Situbondo,tenaga_kesehatan_tenaga_kefarmasian,111
51,522,2023,Kabupaten Situbondo,jumlah_tenaga_kesehatan_psikologi_klinis,0
51,522,2023,Kabupaten Situbondo,jumlah_tenaga_kesehatan_tradisional,0
52,522,2023,Kabupaten Probolinggo,tenaga_kesehatan_tenaga_kesehatan_masyarakat,0
52,522,2023,Kabupaten Probolinggo,jumlah_tenaga_keteknisan_medis,0
52,522,2023,Kabupaten Probolinggo,jumlah_tenaga_teknik_biomedika,0
52,522,2023,Kabupaten Probolinggo,tenaga_kesehatan_tenaga_kefarmasian,164
52,522,2023,Kabupaten Probolinggo,tenaga_kesehatan_tenaga_kesehatan_lingkungan,0
52,522,2023,Kabupaten Probolinggo,jumlah_tenaga_keterapian_fisik,0
52,522,2023,Kabupaten Probolinggo,jumlah_tenaga_kesehatan_tradisional,0
52,522,2023,Kabupaten Probolinggo,tenaga_kesehatan_bidan,788
52,522,2023,Kabupaten Probolinggo,tenaga_kesehatan_tenaga_gizi,73
52,522,2023,Kabupaten Probolinggo,jumlah_tenaga_kesehatan_psikologi_klinis,0
52,522,2023,Kabupaten Probolinggo,tenaga_kesehatan_dokter,0
52,522,2023,Kabupaten Probolinggo,tenaga_kesehatan_perawat,1276
52,522,2023,Kabupaten Probolinggo,jumlah_tenaga_medis,0
53,522,2023,Kabupaten Pasuruan,jumlah_tenaga_kesehatan_tradisional,0
53,522,2023,Kabupaten Pasuruan,tenaga_kesehatan_tenaga_kesehatan_masyarakat,0
53,522,2023,Kabupaten Pasuruan,jumlah_tenaga_medis,0
53,522,2023,Kabupaten Pasuruan,tenaga_kesehatan_perawat,1794
53,522,2023,Kabupaten Pasuruan,tenaga_kesehatan_tenaga_kefarmasian,378
53,522,2023,Kabupaten Pasuruan,jumlah_tenaga_kesehatan_psikologi_klinis,0
53,522,2023,Kabupaten Pasuruan,jumlah_tenaga_keterapian_fisik,0
53,522,2023,Kabupaten Pasuruan,tenaga_kesehatan_bidan,1076
53,522,2023,Kabupaten Pasuruan,tenaga_kesehatan_tenaga_gizi,91
53,522,2023,Kabupaten Pasuruan,jumlah_tenaga_keteknisan_medis,0
53,522,2023,Kabupaten Pasuruan,tenaga_kesehatan_tenaga_kesehatan_lingkungan,0
53,522,2023,Kabupaten Pasuruan,jumlah_tenaga_teknik_biomedika,0
53,522,2023,Kabupaten Pasuruan,tenaga_kesehatan_dokter,0
54,522,2023,Kabupaten Sidoarjo,jumlah_tenaga_keteknisan_medis,0
54,522,2023,Kabupaten Sidoarjo,jumlah_tenaga_keterapian_fisik,0
54,522,2023,Kabupaten Sidoarjo,jumlah_tenaga_teknik_biomedika,0
54,522,2023,Kabupaten Sidoarjo,tenaga_kesehatan_tenaga_kesehatan_lingkungan,0
54,522,2023,Kabupaten Sidoarjo,tenaga_kesehatan_tenaga_kefarmasian,1092
54,522,2023,Kabupaten Sidoarjo,jumlah_tenaga_kesehatan_tradisional,0
54,522,2023,Kabupaten Sidoarjo,tenaga_kesehatan_bidan,1444
54,522,2023,Kabupaten Sidoarjo,jumlah_tenaga_medis,0
54,522,2023,Kabupaten Sidoarjo,tenaga_kesehatan_tenaga_kesehatan_masyarakat,0
54,522,2023,Kabupaten Sidoarjo,tenaga_kesehatan_perawat,4111
54,522,2023,Kabupaten Sidoarjo,tenaga_kesehatan_tenaga_gizi,154
54,522,2023,Kabupaten Sidoarjo,jumlah_tenaga_kesehatan_psikologi_klinis,0
54,522,2023,Kabupaten Sidoarjo,tenaga_kesehatan_dokter,0
55,522,2023,Kabupaten Mojokerto,jumlah_tenaga_teknik_biomedika,0
55,522,2023,Kabupaten Mojokerto,jumlah_tenaga_keteknisan_medis,0
55,522,2023,Kabupaten Mojokerto,tenaga_kesehatan_perawat,1737
55,522,2023,Kabupaten Mojokerto,tenaga_kesehatan_bidan,786
55,522,2023,Kabupaten Mojokerto,tenaga_kesehatan_tenaga_kesehatan_lingkungan,0
55,522,2023,Kabupaten Mojokerto,tenaga_kesehatan_tenaga_kesehatan_masyarakat,0
55,522,2023,Kabupaten Mojokerto,jumlah_tenaga_kesehatan_tradisional,0
55,522,2023,Kabupaten Mojokerto,tenaga_kesehatan_dokter,0
55,522,2023,Kabupaten Mojokerto,jumlah_tenaga_kesehatan_psikologi_klinis,0
55,522,2023,Kabupaten Mojokerto,tenaga_kesehatan_tenaga_gizi,75
55,522,2023,Kabupaten Mojokerto,jumlah_tenaga_medis,0
55,522,2023,Kabupaten Mojokerto,jumlah_tenaga_keterapian_fisik,0
55,522,2023,Kabupaten Mojokerto,tenaga_kesehatan_tenaga_kefarmasian,237
56,522,2023,Kabupaten Jombang,tenaga_kesehatan_bidan,1277
56,522,2023,Kabupaten Jombang,jumlah_tenaga_teknik_biomedika,0
56,522,2023,Kabupaten Jombang,jumlah_tenaga_kesehatan_psikologi_klinis,0
56,522,2023,Kabupaten Jombang,tenaga_kesehatan_perawat,1954
56,522,2023,Kabupaten Jombang,tenaga_kesehatan_tenaga_kesehatan_masyarakat,0
56,522,2023,Kabupaten Jombang,tenaga_kesehatan_tenaga_gizi,96
56,522,2023,Kabupaten Jombang,tenaga_kesehatan_tenaga_kefarmasian,290
56,522,2023,Kabupaten Jombang,jumlah_tenaga_keteknisan_medis,0
56,522,2023,Kabupaten Jombang,tenaga_kesehatan_tenaga_kesehatan_lingkungan,0
56,522,2023,Kabupaten Jombang,tenaga_kesehatan_dokter,0
56,522,2023,Kabupaten Jombang,jumlah_tenaga_kesehatan_tradisional,0
56,522,2023,Kabupaten Jombang,jumlah_tenaga_medis,0
56,522,2023,Kabupaten Jombang,jumlah_tenaga_keterapian_fisik,0
57,522,2023,Kabupaten Nganjuk,tenaga_kesehatan_tenaga_kefarmasian,328
57,522,2023,Kabupaten Nganjuk,tenaga_kesehatan_tenaga_kesehatan_lingkungan,0
57,522,2023,Kabupaten Nganjuk,tenaga_kesehatan_bidan,759
57,522,2023,Kabupaten Nganjuk,jumlah_tenaga_medis,0
57,522,2023,Kabupaten Nganjuk,tenaga_kesehatan_perawat,1307
57,522,2023,Kabupaten Nganjuk,tenaga_kesehatan_dokter,0
57,522,2023,Kabupaten Nganjuk,jumlah_tenaga_keterapian_fisik,0
57,522,2023,Kabupaten Nganjuk,jumlah_tenaga_kesehatan_psikologi_klinis,0
57,522,2023,Kabupaten Nganjuk,jumlah_tenaga_keteknisan_medis,0
57,522,2023,Kabupaten Nganjuk,tenaga_kesehatan_tenaga_gizi,65
57,522,2023,Kabupaten Nganjuk,tenaga_kesehatan_tenaga_kesehatan_masyarakat,0
57,522,2023,Kabupaten Nganjuk,jumlah_tenaga_kesehatan_tradisional,0
57,522,2023,Kabupaten Nganjuk,jumlah_tenaga_teknik_biomedika,0
58,522,2023,Kabupaten Madiun,jumlah_tenaga_kesehatan_psikologi_klinis,0
58,522,2023,Kabupaten Madiun,jumlah_tenaga_keteknisan_medis,0
58,522,2023,Kabupaten Madiun,tenaga_kesehatan_dokter,0
58,522,2023,Kabupaten Madiun,tenaga_kesehatan_tenaga_gizi,50
58,522,2023,Kabupaten Madiun,tenaga_kesehatan_tenaga_kesehatan_lingkungan,0
58,522,2023,Kabupaten Madiun,tenaga_kesehatan_perawat,889
58,522,2023,Kabupaten Madiun,tenaga_kesehatan_tenaga_kesehatan_masyarakat,0
58,522,2023,Kabupaten Madiun,jumlah_tenaga_medis,0
58,522,2023,Kabupaten Madiun,jumlah_tenaga_kesehatan_tradisional,0
58,522,2023,Kabupaten Madiun,tenaga_kesehatan_tenaga_kefarmasian,246
58,522,2023,Kabupaten Madiun,tenaga_kesehatan_bidan,531
58,522,2023,Kabupaten Madiun,jumlah_tenaga_teknik_biomedika,0
58,522,2023,Kabupaten Madiun,jumlah_tenaga_keterapian_fisik,0
59,522,2023,Kabupaten Magetan,jumlah_tenaga_kesehatan_psikologi_klinis,0
59,522,2023,Kabupaten Magetan,jumlah_tenaga_medis,0
59,522,2023,Kabupaten Magetan,jumlah_tenaga_keteknisan_medis,0
59,522,2023,Kabupaten Magetan,tenaga_kesehatan_tenaga_kefarmasian,204
59,522,2023,Kabupaten Magetan,tenaga_kesehatan_tenaga_kesehatan_masyarakat,0
59,522,2023,Kabupaten Magetan,tenaga_kesehatan_bidan,591
59,522,2023,Kabupaten Magetan,tenaga_kesehatan_dokter,0
59,522,2023,Kabupaten Magetan,jumlah_tenaga_keterapian_fisik,0
59,522,2023,Kabupaten Magetan,jumlah_tenaga_kesehatan_tradisional,0
59,522,2023,Kabupaten Magetan,tenaga_kesehatan_tenaga_gizi,52
59,522,2023,Kabupaten Magetan,jumlah_tenaga_teknik_biomedika,0
59,522,2023,Kabupaten Magetan,tenaga_kesehatan_tenaga_kesehatan_lingkungan,0
59,522,2023,Kabupaten Magetan,tenaga_kesehatan_perawat,973
60,522,2023,Kabupaten Ngawi,tenaga_kesehatan_perawat,1314
60,522,2023,Kabupaten Ngawi,jumlah_tenaga_keteknisan_medis,0
60,522,2023,Kabupaten Ngawi,tenaga_kesehatan_tenaga_kesehatan_masyarakat,0
60,522,2023,Kabupaten Ngawi,tenaga_kesehatan_bidan,714
60,522,2023,Kabupaten Ngawi,jumlah_tenaga_medis,0
60,522,2023,Kabupaten Ngawi,jumlah_tenaga_kesehatan_tradisional,0
60,522,2023,Kabupaten Ngawi,jumlah_tenaga_keterapian_fisik,0
60,522,2023,Kabupaten Ngawi,jumlah_tenaga_kesehatan_psikologi_klinis,0
60,522,2023,Kabupaten Ngawi,jumlah_tenaga_teknik_biomedika,0
60,522,2023,Kabupaten Ngawi,tenaga_kesehatan_tenaga_kefarmasian,172
60,522,2023,Kabupaten Ngawi,tenaga_kesehatan_dokter,0
60,522,2023,Kabupaten Ngawi,tenaga_kesehatan_tenaga_gizi,70
60,522,2023,Kabupaten Ngawi,tenaga_kesehatan_tenaga_kesehatan_lingkungan,0
61,522,2023,Kabupaten Bojonegoro,tenaga_kesehatan_tenaga_kefarmasian,339
61,522,2023,Kabupaten Bojonegoro,tenaga_kesehatan_tenaga_kesehatan_lingkungan,0
61,522,2023,Kabupaten Bojonegoro,jumlah_tenaga_keterapian_fisik,0
61,522,2023,Kabupaten Bojonegoro,jumlah_tenaga_kesehatan_tradisional,0
61,522,2023,Kabupaten Bojonegoro,tenaga_kesehatan_bidan,1243
61,522,2023,Kabupaten Bojonegoro,jumlah_tenaga_teknik_biomedika,0
61,522,2023,Kabupaten Bojonegoro,tenaga_kesehatan_tenaga_gizi,70
61,522,2023,Kabupaten Bojonegoro,jumlah_tenaga_kesehatan_psikologi_klinis,0
61,522,2023,Kabupaten Bojonegoro,jumlah_tenaga_keteknisan_medis,0
61,522,2023,Kabupaten Bojonegoro,tenaga_kesehatan_dokter,0
61,522,2023,Kabupaten Bojonegoro,tenaga_kesehatan_perawat,1699
61,522,2023,Kabupaten Bojonegoro,tenaga_kesehatan_tenaga_kesehatan_masyarakat,0
61,522,2023,Kabupaten Bojonegoro,jumlah_tenaga_medis,0
62,522,2023,Kabupaten Tuban,tenaga_kesehatan_tenaga_kefarmasian,263
62,522,2023,Kabupaten Tuban,tenaga_kesehatan_dokter,0
62,522,2023,Kabupaten Tuban,tenaga_kesehatan_tenaga_kesehatan_lingkungan,0
62,522,2023,Kabupaten Tuban,tenaga_kesehatan_tenaga_kesehatan_masyarakat,0
62,522,2023,Kabupaten Tuban,jumlah_tenaga_kesehatan_psikologi_klinis,0
62,522,2023,Kabupaten Tuban,jumlah_tenaga_keteknisan_medis,0
62,522,2023,Kabupaten Tuban,jumlah_tenaga_kesehatan_tradisional,0
62,522,2023,Kabupaten Tuban,jumlah_tenaga_keterapian_fisik,0
62,522,2023,Kabupaten Tuban,tenaga_kesehatan_perawat,1249
62,522,2023,Kabupaten Tuban,tenaga_kesehatan_bidan,756
62,522,2023,Kabupaten Tuban,jumlah_tenaga_teknik_biomedika,0
62,522,2023,Kabupaten Tuban,tenaga_kesehatan_tenaga_gizi,63
62,522,2023,Kabupaten Tuban,jumlah_tenaga_medis,0
63,522,2023,Kabupaten Lamongan,tenaga_kesehatan_tenaga_gizi,90
63,522,2023,Kabupaten Lamongan,jumlah_tenaga_kesehatan_psikologi_klinis,0
63,522,2023,Kabupaten Lamongan,tenaga_kesehatan_bidan,1226
63,522,2023,Kabupaten Lamongan,jumlah_tenaga_medis,0
63,522,2023,Kabupaten Lamongan,tenaga_kesehatan_tenaga_kefarmasian,332
63,522,2023,Kabupaten Lamongan,tenaga_kesehatan_tenaga_kesehatan_masyarakat,0
63,522,2023,Kabupaten Lamongan,jumlah_tenaga_keteknisan_medis,0
63,522,2023,Kabupaten Lamongan,jumlah_tenaga_teknik_biomedika,0
63,522,2023,Kabupaten Lamongan,jumlah_tenaga_keterapian_fisik,0
63,522,2023,Kabupaten Lamongan,jumlah_tenaga_kesehatan_tradisional,0
63,522,2023,Kabupaten Lamongan,tenaga_kesehatan_tenaga_kesehatan_lingkungan,0
63,522,2023,Kabupaten Lamongan,tenaga_kesehatan_perawat,2452
63,522,2023,Kabupaten Lamongan,tenaga_kesehatan_dokter,0
64,522,2023,Kabupaten Gresik,tenaga_kesehatan_perawat,2300
64,522,2023,Kabupaten Gresik,jumlah_tenaga_kesehatan_psikologi_klinis,0
64,522,2023,Kabupaten Gresik,tenaga_kesehatan_tenaga_kesehatan_masyarakat,0
64,522,2023,Kabupaten Gresik,jumlah_tenaga_keterapian_fisik,0
64,522,2023,Kabupaten Gresik,tenaga_kesehatan_bidan,1236
64,522,2023,Kabupaten Gresik,jumlah_tenaga_kesehatan_tradisional,0
64,522,2023,Kabupaten Gresik,tenaga_kesehatan_tenaga_gizi,93
64,522,2023,Kabupaten Gresik,tenaga_kesehatan_tenaga_kesehatan_lingkungan,0
64,522,2023,Kabupaten Gresik,tenaga_kesehatan_dokter,0
64,522,2023,Kabupaten Gresik,tenaga_kesehatan_tenaga_kefarmasian,461
64,522,2023,Kabupaten Gresik,jumlah_tenaga_medis,0
64,522,2023,Kabupaten Gresik,jumlah_tenaga_keteknisan_medis,0
64,522,2023,Kabupaten Gresik,jumlah_tenaga_teknik_biomedika,0
65,522,2023,Kabupaten Bangkalan,jumlah_tenaga_medis,0
65,522,2023,Kabupaten Bangkalan,tenaga_kesehatan_dokter,0
65,522,2023,Kabupaten Bangkalan,jumlah_tenaga_keteknisan_medis,0
65,522,2023,Kabupaten Bangkalan,jumlah_tenaga_kesehatan_psikologi_klinis,0
65,522,2023,Kabupaten Bangkalan,tenaga_kesehatan_bidan,1129
65,522,2023,Kabupaten Bangkalan,tenaga_kesehatan_tenaga_gizi,37
65,522,2023,Kabupaten Bangkalan,jumlah_tenaga_keterapian_fisik,0
65,522,2023,Kabupaten Bangkalan,jumlah_tenaga_teknik_biomedika,0
65,522,2023,Kabupaten Bangkalan,jumlah_tenaga_kesehatan_tradisional,0
65,522,2023,Kabupaten Bangkalan,tenaga_kesehatan_tenaga_kefarmasian,94
65,522,2023,Kabupaten Bangkalan,tenaga_kesehatan_tenaga_kesehatan_lingkungan,0
65,522,2023,Kabupaten Bangkalan,tenaga_kesehatan_perawat,1244
65,522,2023,Kabupaten Bangkalan,tenaga_kesehatan_tenaga_kesehatan_masyarakat,0
66,522,2023,Kabupaten Sampang,tenaga_kesehatan_tenaga_kefarmasian,78
66,522,2023,Kabupaten Sampang,jumlah_tenaga_teknik_biomedika,0
66,522,2023,Kabupaten Sampang,jumlah_tenaga_medis,0
66,522,2023,Kabupaten Sampang,jumlah_tenaga_kesehatan_tradisional,0
66,522,2023,Kabupaten Sampang,tenaga_kesehatan_tenaga_kesehatan_masyarakat,0
66,522,2023,Kabupaten Sampang,tenaga_kesehatan_tenaga_kesehatan_lingkungan,0
66,522,2023,Kabupaten Sampang,tenaga_kesehatan_tenaga_gizi,54
66,522,2023,Kabupaten Sampang,tenaga_kesehatan_perawat,1139
66,522,2023,Kabupaten Sampang,tenaga_kesehatan_dokter,0
66,522,2023,Kabupaten Sampang,jumlah_tenaga_keterapian_fisik,0
66,522,2023,Kabupaten Sampang,jumlah_tenaga_keteknisan_medis,0
66,522,2023,Kabupaten Sampang,tenaga_kesehatan_bidan,865
66,522,2023,Kabupaten Sampang,jumlah_tenaga_kesehatan_psikologi_klinis,0
67,522,2023,Kabupaten Pamekasan,tenaga_kesehatan_dokter,0
67,522,2023,Kabupaten Pamekasan,tenaga_kesehatan_tenaga_gizi,64
67,522,2023,Kabupaten Pamekasan,tenaga_kesehatan_tenaga_kesehatan_lingkungan,0
67,522,2023,Kabupaten Pamekasan,tenaga_kesehatan_tenaga_kesehatan_masyarakat,0
67,522,2023,Kabupaten Pamekasan,jumlah_tenaga_keterapian_fisik,0
67,522,2023,Kabupaten Pamekasan,jumlah_tenaga_kesehatan_tradisional,0
67,522,2023,Kabupaten Pamekasan,jumlah_tenaga_keteknisan_medis,0
67,522,2023,Kabupaten Pamekasan,jumlah_tenaga_medis,0
67,522,2023,Kabupaten Pamekasan,jumlah_tenaga_teknik_biomedika,0
67,522,2023,Kabupaten Pamekasan,tenaga_kesehatan_bidan,802
67,522,2023,Kabupaten Pamekasan,jumlah_tenaga_kesehatan_psikologi_klinis,0
67,522,2023,Kabupaten Pamekasan,tenaga_kesehatan_perawat,1351
67,522,2023,Kabupaten Pamekasan,tenaga_kesehatan_tenaga_kefarmasian,184
68,522,2023,Kabupaten Sumenep,tenaga_kesehatan_dokter,0
68,522,2023,Kabupaten Sumenep,tenaga_kesehatan_tenaga_gizi,82
68,522,2023,Kabupaten Sumenep,tenaga_kesehatan_tenaga_kesehatan_lingkungan,0
68,522,2023,Kabupaten Sumenep,tenaga_kesehatan_perawat,1575
68,522,2023,Kabupaten Sumenep,tenaga_kesehatan_tenaga_kesehatan_masyarakat,0
68,522,2023,Kabupaten Sumenep,jumlah_tenaga_teknik_biomedika,0
68,522,2023,Kabupaten Sumenep,jumlah_tenaga_keterapian_fisik,0
68,522,2023,Kabupaten Sumenep,tenaga_kesehatan_bidan,1260
68,522,2023,Kabupaten Sumenep,jumlah_tenaga_medis,0
68,522,2023,Kabupaten Sumenep,tenaga_kesehatan_tenaga_kefarmasian,125
68,522,2023,Kabupaten Sumenep,jumlah_tenaga_kesehatan_tradisional,0
68,522,2023,Kabupaten Sumenep,jumlah_tenaga_keteknisan_medis,0
68,522,2023,Kabupaten Sumenep,jumlah_tenaga_kesehatan_psikologi_klinis,0
69,522,2023,Kota Kediri,tenaga_kesehatan_dokter,0
69,522,2023,Kota Kediri,tenaga_kesehatan_bidan,536
69,522,2023,Kota Kediri,jumlah_tenaga_kesehatan_tradisional,0
69,522,2023,Kota Kediri,jumlah_tenaga_teknik_biomedika,0
69,522,2023,Kota Kediri,tenaga_kesehatan_tenaga_gizi,67
69,522,2023,Kota Kediri,jumlah_tenaga_kesehatan_psikologi_klinis,0
69,522,2023,Kota Kediri,tenaga_kesehatan_tenaga_kefarmasian,489
69,522,2023,Kota Kediri,jumlah_tenaga_keteknisan_medis,0
69,522,2023,Kota Kediri,jumlah_tenaga_keterapian_fisik,0
69,522,2023,Kota Kediri,tenaga_kesehatan_perawat,1689
69,522,2023,Kota Kediri,tenaga_kesehatan_tenaga_kesehatan_masyarakat,0
69,522,2023,Kota Kediri,tenaga_kesehatan_tenaga_kesehatan_lingkungan,0
69,522,2023,Kota Kediri,jumlah_tenaga_medis,0
70,522,2023,Kota Blitar,tenaga_kesehatan_tenaga_kefarmasian,188
70,522,2023,Kota Blitar,tenaga_kesehatan_bidan,180
70,522,2023,Kota Blitar,jumlah_tenaga_medis,0
70,522,2023,Kota Blitar,tenaga_kesehatan_dokter,0
70,522,2023,Kota Blitar,tenaga_kesehatan_tenaga_kesehatan_masyarakat,0
70,522,2023,Kota Blitar,jumlah_tenaga_kesehatan_tradisional,0
70,522,2023,Kota Blitar,jumlah_tenaga_keteknisan_medis,0
70,522,2023,Kota Blitar,tenaga_kesehatan_tenaga_gizi,35
70,522,2023,Kota Blitar,tenaga_kesehatan_perawat,818
70,522,2023,Kota Blitar,jumlah_tenaga_kesehatan_psikologi_klinis,0
70,522,2023,Kota Blitar,jumlah_tenaga_keterapian_fisik,0
70,522,2023,Kota Blitar,jumlah_tenaga_teknik_biomedika,0
70,522,2023,Kota Blitar,tenaga_kesehatan_tenaga_kesehatan_lingkungan,0
71,522,2023,Kota Malang,tenaga_kesehatan_perawat,3761
71,522,2023,Kota Malang,tenaga_kesehatan_tenaga_kesehatan_masyarakat,0
71,522,2023,Kota Malang,jumlah_tenaga_kesehatan_psikologi_klinis,0
71,522,2023,Kota Malang,jumlah_tenaga_teknik_biomedika,0
71,522,2023,Kota Malang,tenaga_kesehatan_dokter,0
71,522,2023,Kota Malang,tenaga_kesehatan_tenaga_kefarmasian,810
71,522,2023,Kota Malang,tenaga_kesehatan_bidan,862
71,522,2023,Kota Malang,jumlah_tenaga_keteknisan_medis,0
71,522,2023,Kota Malang,jumlah_tenaga_medis,0
71,522,2023,Kota Malang,tenaga_kesehatan_tenaga_gizi,196
71,522,2023,Kota Malang,jumlah_tenaga_kesehatan_tradisional,0
71,522,2023,Kota Malang,jumlah_tenaga_keterapian_fisik,0
71,522,2023,Kota Malang,tenaga_kesehatan_tenaga_kesehatan_lingkungan,0
72,522,2023,Kota Probolinggo,tenaga_kesehatan_tenaga_kesehatan_masyarakat,0
72,522,2023,Kota Probolinggo,jumlah_tenaga_kesehatan_tradisional,0
72,522,2023,Kota Probolinggo,jumlah_tenaga_medis,0
72,522,2023,Kota Probolinggo,jumlah_tenaga_keteknisan_medis,0
72,522,2023,Kota Probolinggo,tenaga_kesehatan_tenaga_kefarmasian,140
72,522,2023,Kota Probolinggo,jumlah_tenaga_keterapian_fisik,0
72,522,2023,Kota Probolinggo,tenaga_kesehatan_bidan,277
72,522,2023,Kota Probolinggo,tenaga_kesehatan_dokter,0
72,522,2023,Kota Probolinggo,jumlah_tenaga_kesehatan_psikologi_klinis,0
72,522,2023,Kota Probolinggo,tenaga_kesehatan_perawat,559
72,522,2023,Kota Probolinggo,tenaga_kesehatan_tenaga_gizi,31
72,522,2023,Kota Probolinggo,tenaga_kesehatan_tenaga_kesehatan_lingkungan,0
72,522,2023,Kota Probolinggo,jumlah_tenaga_teknik_biomedika,0
73,522,2023,Kota Pasuruan,jumlah_tenaga_keterapian_fisik,0
73,522,2023,Kota Pasuruan,tenaga_kesehatan_tenaga_gizi,30
73,522,2023,Kota Pasuruan,tenaga_kesehatan_bidan,264
73,522,2023,Kota Pasuruan,jumlah_tenaga_kesehatan_tradisional,0
73,522,2023,Kota Pasuruan,jumlah_tenaga_keteknisan_medis,0
73,522,2023,Kota Pasuruan,tenaga_kesehatan_dokter,0
73,522,2023,Kota Pasuruan,tenaga_kesehatan_tenaga_kesehatan_masyarakat,0
73,522,2023,Kota Pasuruan,jumlah_tenaga_teknik_biomedika,0
73,522,2023,Kota Pasuruan,jumlah_tenaga_medis,0
73,522,2023,Kota Pasuruan,tenaga_kesehatan_perawat,526
73,522,2023,Kota Pasuruan,tenaga_kesehatan_tenaga_kesehatan_lingkungan,0
73,522,2023,Kota Pasuruan,jumlah_tenaga_kesehatan_psikologi_klinis,0
73,522,2023,Kota Pasuruan,tenaga_kesehatan_tenaga_kefarmasian,109
74,522,2023,Kota Mojokerto,tenaga_kesehatan_dokter,0
74,522,2023,Kota Mojokerto,jumlah_tenaga_medis,0
74,522,2023,Kota Mojokerto,jumlah_tenaga_kesehatan_psikologi_klinis,0
74,522,2023,Kota Mojokerto,tenaga_kesehatan_perawat,970
74,522,2023,Kota Mojokerto,tenaga_kesehatan_tenaga_kesehatan_masyarakat,0
74,522,2023,Kota Mojokerto,tenaga_kesehatan_tenaga_kefarmasian,226
74,522,2023,Kota Mojokerto,jumlah_tenaga_keteknisan_medis,0
74,522,2023,Kota Mojokerto,jumlah_tenaga_keterapian_fisik,0
74,522,2023,Kota Mojokerto,tenaga_kesehatan_tenaga_kesehatan_lingkungan,0
74,522,2023,Kota Mojokerto,jumlah_tenaga_teknik_biomedika,0
74,522,2023,Kota Mojokerto,tenaga_kesehatan_bidan,237
74,522,2023,Kota Mojokerto,jumlah_tenaga_kesehatan_tradisional,0
74,522,2023,Kota Mojokerto,tenaga_kesehatan_tenaga_gizi,35
75,522,2023,Kota Madiun,tenaga_kesehatan_tenaga_kesehatan_masyarakat,0
75,522,2023,Kota Madiun,tenaga_kesehatan_tenaga_gizi,67
75,522,2023,Kota Madiun,jumlah_tenaga_kesehatan_psikologi_klinis,0
75,522,2023,Kota Madiun,tenaga_kesehatan_perawat,1284
75,522,2023,Kota Madiun,jumlah_tenaga_medis,0
75,522,2023,Kota Madiun,tenaga_kesehatan_tenaga_kesehatan_lingkungan,0
75,522,2023,Kota Madiun,jumlah_tenaga_kesehatan_tradisional,0
75,522,2023,Kota Madiun,jumlah_tenaga_keteknisan_medis,0
75,522,2023,Kota Madiun,jumlah_tenaga_teknik_biomedika,0
75,522,2023,Kota Madiun,tenaga_kesehatan_bidan,339
75,522,2023,Kota Madiun,tenaga_kesehatan_dokter,0
75,522,2023,Kota Madiun,jumlah_tenaga_keterapian_fisik,0
75,522,2023,Kota Madiun,tenaga_kesehatan_tenaga_kefarmasian,405
76,522,2023,Kota Surabaya,jumlah_tenaga_keteknisan_medis,0
76,522,2023,Kota Surabaya,jumlah_tenaga_kesehatan_psikologi_klinis,0
76,522,2023,Kota Surabaya,tenaga_kesehatan_tenaga_kefarmasian,2862
76,522,2023,Kota Surabaya,tenaga_kesehatan_bidan,1891
76,522,2023,Kota Surabaya,tenaga_kesehatan_tenaga_gizi,414
76,522,2023,Kota Surabaya,tenaga_kesehatan_dokter,0
76,522,2023,Kota Surabaya,tenaga_kesehatan_perawat,10883
76,522,2023,Kota Surabaya,jumlah_tenaga_teknik_biomedika,0
76,522,2023,Kota Surabaya,jumlah_tenaga_keterapian_fisik,0
76,522,2023,Kota Surabaya,tenaga_kesehatan_tenaga_kesehatan_masyarakat,0
76,522,2023,Kota Surabaya,jumlah_tenaga_medis,0
76,522,2023,Kota Surabaya,tenaga_kesehatan_tenaga_kesehatan_lingkungan,0
76,522,2023,Kota Surabaya,jumlah_tenaga_kesehatan_tradisional,0
77,522,2023,Kota Batu,tenaga_kesehatan_tenaga_kesehatan_masyarakat,0
77,522,2023,Kota Batu,tenaga_kesehatan_tenaga_kesehatan_lingkungan,0
77,522,2023,Kota Batu,jumlah_tenaga_medis,0
77,522,2023,Kota Batu,jumlah_tenaga_keterapian_fisik,0
77,522,2023,Kota Batu,jumlah_tenaga_teknik_biomedika,0
77,522,2023,Kota Batu,tenaga_kesehatan_perawat,563
77,522,2023,Kota Batu,tenaga_kesehatan_dokter,0
77,522,2023,Kota Batu,tenaga_kesehatan_bidan,146
77,522,2023,Kota Batu,tenaga_kesehatan_tenaga_gizi,32
77,522,2023,Kota Batu,jumlah_tenaga_kesehatan_tradisional,0
77,522,2023,Kota Batu,tenaga_kesehatan_tenaga_kefarmasian,169
77,522,2023,Kota Batu,jumlah_tenaga_kesehatan_psikologi_klinis,0
77,522,2023,Kota Batu,jumlah_tenaga_keteknisan_medis,0
78,522,2023,Jawa Timur,tenaga_kesehatan_tenaga_kesehatan_masyarakat,0
78,522,2023,Jawa Timur,tenaga_kesehatan_tenaga_kesehatan_lingkungan,0
78,522,2023,Jawa Timur,jumlah_tenaga_kesehatan_psikologi_klinis,0
78,522,2023,Jawa Timur,tenaga_kesehatan_tenaga_gizi,3374
78,522,2023,Jawa Timur,jumlah_tenaga_keteknisan_medis,0
78,522,2023,Jawa Timur,jumlah_tenaga_keterapian_fisik,0
78,522,2023,Jawa Timur,tenaga_kesehatan_tenaga_kefarmasian,14545
78,522,2023,Jawa Timur,jumlah_tenaga_medis,0
78,522,2023,Jawa Timur,jumlah_tenaga_teknik_biomedika,0
78,522,2023,Jawa Timur,jumlah_tenaga_kesehatan_tradisional,0
78,522,2023,Jawa Timur,tenaga_kesehatan_perawat,70510
78,522,2023,Jawa Timur,tenaga_kesehatan_dokter,0
78,522,2023,Jawa Timur,tenaga_kesehatan_bidan,31947
79,522,2019,Kabupaten Pacitan,jumlah_tenaga_medis,0
79,522,2019,Kabupaten Pacitan,tenaga_kesehatan_perawat,632
79,522,2019,Kabupaten Pacitan,tenaga_kesehatan_bidan,350
79,522,2019,Kabupaten Pacitan,tenaga_kesehatan_tenaga_kefarmasian,163
79,522,2019,Kabupaten Pacitan,tenaga_kesehatan_tenaga_kesehatan_masyarakat,0
79,522,2019,Kabupaten Pacitan,tenaga_kesehatan_tenaga_kesehatan_lingkungan,0
79,522,2019,Kabupaten Pacitan,tenaga_kesehatan_tenaga_gizi,57
79,522,2019,Kabupaten Pacitan,jumlah_tenaga_kesehatan_psikologi_klinis,0
79,522,2019,Kabupaten Pacitan,jumlah_tenaga_keterapian_fisik,0
79,522,2019,Kabupaten Pacitan,jumlah_tenaga_keteknisan_medis,0
79,522,2019,Kabupaten Pacitan,jumlah_tenaga_teknik_biomedika,0
79,522,2019,Kabupaten Pacitan,jumlah_tenaga_kesehatan_tradisional,0
79,522,2019,Kabupaten Pacitan,tenaga_kesehatan_dokter,230
80,522,2019,Kabupaten Ponorogo,tenaga_kesehatan_perawat,1225
80,522,2019,Kabupaten Ponorogo,tenaga_kesehatan_tenaga_kefarmasian,173
80,522,2019,Kabupaten Ponorogo,tenaga_kesehatan_tenaga_gizi,51
80,522,2019,Kabupaten Ponorogo,jumlah_tenaga_keterapian_fisik,0
80,522,2019,Kabupaten Ponorogo,jumlah_tenaga_kesehatan_psikologi_klinis,0
80,522,2019,Kabupaten Ponorogo,jumlah_tenaga_teknik_biomedika,0
80,522,2019,Kabupaten Ponorogo,jumlah_tenaga_kesehatan_tradisional,0
80,522,2019,Kabupaten Ponorogo,tenaga_kesehatan_tenaga_kesehatan_masyarakat,0
80,522,2019,Kabupaten Ponorogo,tenaga_kesehatan_tenaga_kesehatan_lingkungan,0
80,522,2019,Kabupaten Ponorogo,jumlah_tenaga_medis,0
80,522,2019,Kabupaten Ponorogo,tenaga_kesehatan_bidan,563
80,522,2019,Kabupaten Ponorogo,jumlah_tenaga_keteknisan_medis,0
80,522,2019,Kabupaten Ponorogo,tenaga_kesehatan_dokter,281
81,522,2019,Kabupaten Trenggalek,jumlah_tenaga_kesehatan_tradisional,0
81,522,2019,Kabupaten Trenggalek,tenaga_kesehatan_perawat,903
81,522,2019,Kabupaten Trenggalek,tenaga_kesehatan_dokter,304
81,522,2019,Kabupaten Trenggalek,tenaga_kesehatan_tenaga_kesehatan_lingkungan,0
81,522,2019,Kabupaten Trenggalek,jumlah_tenaga_kesehatan_psikologi_klinis,0
81,522,2019,Kabupaten Trenggalek,tenaga_kesehatan_tenaga_gizi,76
81,522,2019,Kabupaten Trenggalek,tenaga_kesehatan_tenaga_kesehatan_masyarakat,0
81,522,2019,Kabupaten Trenggalek,jumlah_tenaga_keterapian_fisik,0
81,522,2019,Kabupaten Trenggalek,tenaga_kesehatan_tenaga_kefarmasian,177
81,522,2019,Kabupaten Trenggalek,jumlah_tenaga_medis,0
81,522,2019,Kabupaten Trenggalek,jumlah_tenaga_teknik_biomedika,0
81,522,2019,Kabupaten Trenggalek,jumlah_tenaga_keteknisan_medis,0
81,522,2019,Kabupaten Trenggalek,tenaga_kesehatan_bidan,399
82,522,2019,Kabupaten Tulungagung,tenaga_kesehatan_bidan,666
82,522,2019,Kabupaten Tulungagung,jumlah_tenaga_kesehatan_tradisional,0
82,522,2019,Kabupaten Tulungagung,tenaga_kesehatan_tenaga_kefarmasian,307
82,522,2019,Kabupaten Tulungagung,tenaga_kesehatan_tenaga_gizi,55
82,522,2019,Kabupaten Tulungagung,jumlah_tenaga_kesehatan_psikologi_klinis,0
82,522,2019,Kabupaten Tulungagung,tenaga_kesehatan_tenaga_kesehatan_lingkungan,0
82,522,2019,Kabupaten Tulungagung,jumlah_tenaga_medis,0
82,522,2019,Kabupaten Tulungagung,tenaga_kesehatan_perawat,1632
82,522,2019,Kabupaten Tulungagung,tenaga_kesehatan_tenaga_kesehatan_masyarakat,0
82,522,2019,Kabupaten Tulungagung,jumlah_tenaga_teknik_biomedika,0
82,522,2019,Kabupaten Tulungagung,tenaga_kesehatan_dokter,505
82,522,2019,Kabupaten Tulungagung,jumlah_tenaga_keterapian_fisik,0
82,522,2019,Kabupaten Tulungagung,jumlah_tenaga_keteknisan_medis,0
83,522,2019,Kabupaten Blitar,tenaga_kesehatan_tenaga_kesehatan_masyarakat,0
83,522,2019,Kabupaten Blitar,jumlah_tenaga_keterapian_fisik,0
83,522,2019,Kabupaten Blitar,tenaga_kesehatan_tenaga_kesehatan_lingkungan,0
83,522,2019,Kabupaten Blitar,tenaga_kesehatan_dokter,443
83,522,2019,Kabupaten Blitar,tenaga_kesehatan_perawat,871
83,522,2019,Kabupaten Blitar,tenaga_kesehatan_tenaga_gizi,72
83,522,2019,Kabupaten Blitar,jumlah_tenaga_keteknisan_medis,0
83,522,2019,Kabupaten Blitar,jumlah_tenaga_medis,0
83,522,2019,Kabupaten Blitar,tenaga_kesehatan_tenaga_kefarmasian,220
83,522,2019,Kabupaten Blitar,jumlah_tenaga_kesehatan_tradisional,0
83,522,2019,Kabupaten Blitar,tenaga_kesehatan_bidan,430
83,522,2019,Kabupaten Blitar,jumlah_tenaga_teknik_biomedika,0
83,522,2019,Kabupaten Blitar,jumlah_tenaga_kesehatan_psikologi_klinis,0
84,522,2019,Kabupaten Kediri,tenaga_kesehatan_dokter,381
84,522,2019,Kabupaten Kediri,jumlah_tenaga_medis,0
84,522,2019,Kabupaten Kediri,tenaga_kesehatan_tenaga_kefarmasian,272
84,522,2019,Kabupaten Kediri,tenaga_kesehatan_perawat,1060
84,522,2019,Kabupaten Kediri,jumlah_tenaga_teknik_biomedika,0
84,522,2019,Kabupaten Kediri,jumlah_tenaga_keterapian_fisik,0
84,522,2019,Kabupaten Kediri,jumlah_tenaga_keteknisan_medis,0
84,522,2019,Kabupaten Kediri,tenaga_kesehatan_tenaga_gizi,100
84,522,2019,Kabupaten Kediri,tenaga_kesehatan_tenaga_kesehatan_lingkungan,0
84,522,2019,Kabupaten Kediri,tenaga_kesehatan_bidan,680
84,522,2019,Kabupaten Kediri,jumlah_tenaga_kesehatan_psikologi_klinis,0
84,522,2019,Kabupaten Kediri,jumlah_tenaga_kesehatan_tradisional,0
84,522,2019,Kabupaten Kediri,tenaga_kesehatan_tenaga_kesehatan_masyarakat,0
85,522,2019,Kabupaten Malang,tenaga_kesehatan_dokter,677
85,522,2019,Kabupaten Malang,jumlah_tenaga_keteknisan_medis,0
85,522,2019,Kabupaten Malang,jumlah_tenaga_medis,0
85,522,2019,Kabupaten Malang,tenaga_kesehatan_tenaga_kesehatan_masyarakat,0
85,522,2019,Kabupaten Malang,tenaga_kesehatan_tenaga_kefarmasian,248
85,522,2019,Kabupaten Malang,tenaga_kesehatan_tenaga_kesehatan_lingkungan,0
85,522,2019,Kabupaten Malang,jumlah_tenaga_kesehatan_tradisional,0
85,522,2019,Kabupaten Malang,jumlah_tenaga_kesehatan_psikologi_klinis,0
85,522,2019,Kabupaten Malang,tenaga_kesehatan_bidan,794
85,522,2019,Kabupaten Malang,jumlah_tenaga_keterapian_fisik,0
85,522,2019,Kabupaten Malang,tenaga_kesehatan_tenaga_gizi,107
85,522,2019,Kabupaten Malang,jumlah_tenaga_teknik_biomedika,0
85,522,2019,Kabupaten Malang,tenaga_kesehatan_perawat,2191
86,522,2019,Kabupaten Lumajang,jumlah_tenaga_keterapian_fisik,0
86,522,2019,Kabupaten Lumajang,tenaga_kesehatan_perawat,1177
86,522,2019,Kabupaten Lumajang,tenaga_kesehatan_tenaga_kefarmasian,231
86,522,2019,Kabupaten Lumajang,tenaga_kesehatan_dokter,406
86,522,2019,Kabupaten Lumajang,tenaga_kesehatan_bidan,551
86,522,2019,Kabupaten Lumajang,tenaga_kesehatan_tenaga_gizi,68
86,522,2019,Kabupaten Lumajang,jumlah_tenaga_kesehatan_psikologi_klinis,0
86,522,2019,Kabupaten Lumajang,jumlah_tenaga_keteknisan_medis,0
86,522,2019,Kabupaten Lumajang,tenaga_kesehatan_tenaga_kesehatan_lingkungan,0
86,522,2019,Kabupaten Lumajang,jumlah_tenaga_medis,0
86,522,2019,Kabupaten Lumajang,jumlah_tenaga_kesehatan_tradisional,0
86,522,2019,Kabupaten Lumajang,tenaga_kesehatan_tenaga_kesehatan_masyarakat,0
86,522,2019,Kabupaten Lumajang,jumlah_tenaga_teknik_biomedika,0
87,522,2019,Kabupaten Jember,tenaga_kesehatan_tenaga_gizi,65
87,522,2019,Kabupaten Jember,jumlah_tenaga_keterapian_fisik,0
87,522,2019,Kabupaten Jember,jumlah_tenaga_kesehatan_psikologi_klinis,0
87,522,2019,Kabupaten Jember,jumlah_tenaga_kesehatan_tradisional,0
87,522,2019,Kabupaten Jember,tenaga_kesehatan_perawat,2156
87,522,2019,Kabupaten Jember,jumlah_tenaga_medis,0
87,522,2019,Kabupaten Jember,jumlah_tenaga_keteknisan_medis,0
87,522,2019,Kabupaten Jember,tenaga_kesehatan_tenaga_kesehatan_lingkungan,0
87,522,2019,Kabupaten Jember,tenaga_kesehatan_bidan,1124
87,522,2019,Kabupaten Jember,tenaga_kesehatan_dokter,515
87,522,2019,Kabupaten Jember,jumlah_tenaga_teknik_biomedika,0
87,522,2019,Kabupaten Jember,tenaga_kesehatan_tenaga_kesehatan_masyarakat,0
87,522,2019,Kabupaten Jember,tenaga_kesehatan_tenaga_kefarmasian,206
88,522,2019,Kabupaten Banyuwangi,tenaga_kesehatan_perawat,1583
88,522,2019,Kabupaten Banyuwangi,tenaga_kesehatan_tenaga_kesehatan_lingkungan,0
88,522,2019,Kabupaten Banyuwangi,jumlah_tenaga_keteknisan_medis,0
88,522,2019,Kabupaten Banyuwangi,jumlah_tenaga_teknik_biomedika,0
88,522,2019,Kabupaten Banyuwangi,jumlah_tenaga_medis,0
88,522,2019,Kabupaten Banyuwangi,jumlah_tenaga_kesehatan_psikologi_klinis,0
88,522,2019,Kabupaten Banyuwangi,tenaga_kesehatan_tenaga_kesehatan_masyarakat,0
88,522,2019,Kabupaten Banyuwangi,jumlah_tenaga_keterapian_fisik,0
88,522,2019,Kabupaten Banyuwangi,tenaga_kesehatan_tenaga_kefarmasian,335
88,522,2019,Kabupaten Banyuwangi,tenaga_kesehatan_bidan,918
88,522,2019,Kabupaten Banyuwangi,tenaga_kesehatan_tenaga_gizi,81
88,522,2019,Kabupaten Banyuwangi,jumlah_tenaga_kesehatan_tradisional,0
88,522,2019,Kabupaten Banyuwangi,tenaga_kesehatan_dokter,936
89,522,2019,Kabupaten Bondowoso,jumlah_tenaga_teknik_biomedika,0
89,522,2019,Kabupaten Bondowoso,jumlah_tenaga_medis,0
89,522,2019,Kabupaten Bondowoso,tenaga_kesehatan_dokter,195
89,522,2019,Kabupaten Bondowoso,tenaga_kesehatan_perawat,1078
89,522,2019,Kabupaten Bondowoso,jumlah_tenaga_kesehatan_tradisional,0
89,522,2019,Kabupaten Bondowoso,tenaga_kesehatan_bidan,612
89,522,2019,Kabupaten Bondowoso,tenaga_kesehatan_tenaga_gizi,51
89,522,2019,Kabupaten Bondowoso,jumlah_tenaga_kesehatan_psikologi_klinis,0
89,522,2019,Kabupaten Bondowoso,tenaga_kesehatan_tenaga_kefarmasian,85
89,522,2019,Kabupaten Bondowoso,jumlah_tenaga_keteknisan_medis,0
89,522,2019,Kabupaten Bondowoso,tenaga_kesehatan_tenaga_kesehatan_masyarakat,0
89,522,2019,Kabupaten Bondowoso,jumlah_tenaga_keterapian_fisik,0
89,522,2019,Kabupaten Bondowoso,tenaga_kesehatan_tenaga_kesehatan_lingkungan,0
90,522,2019,Kabupaten Situbondo,jumlah_tenaga_medis,0
90,522,2019,Kabupaten Situbondo,tenaga_kesehatan_tenaga_kesehatan_masyarakat,0
90,522,2019,Kabupaten Situbondo,tenaga_kesehatan_perawat,552
90,522,2019,Kabupaten Situbondo,jumlah_tenaga_keterapian_fisik,0
90,522,2019,Kabupaten Situbondo,jumlah_tenaga_teknik_biomedika,0
90,522,2019,Kabupaten Situbondo,jumlah_tenaga_keteknisan_medis,0
90,522,2019,Kabupaten Situbondo,tenaga_kesehatan_dokter,217
90,522,2019,Kabupaten Situbondo,tenaga_kesehatan_tenaga_kesehatan_lingkungan,0
90,522,2019,Kabupaten Situbondo,tenaga_kesehatan_bidan,330
90,522,2019,Kabupaten Situbondo,tenaga_kesehatan_tenaga_kefarmasian,51
90,522,2019,Kabupaten Situbondo,jumlah_tenaga_kesehatan_tradisional,0
90,522,2019,Kabupaten Situbondo,jumlah_tenaga_kesehatan_psikologi_klinis,0
90,522,2019,Kabupaten Situbondo,tenaga_kesehatan_tenaga_gizi,39
91,522,2019,Kabupaten Probolinggo,jumlah_tenaga_kesehatan_psikologi_klinis,0
91,522,2019,Kabupaten Probolinggo,tenaga_kesehatan_perawat,1088
91,522,2019,Kabupaten Probolinggo,jumlah_tenaga_keteknisan_medis,0
91,522,2019,Kabupaten Probolinggo,jumlah_tenaga_medis,0
91,522,2019,Kabupaten Probolinggo,tenaga_kesehatan_tenaga_kefarmasian,87
91,522,2019,Kabupaten Probolinggo,tenaga_kesehatan_bidan,853
91,522,2019,Kabupaten Probolinggo,tenaga_kesehatan_dokter,272
91,522,2019,Kabupaten Probolinggo,tenaga_kesehatan_tenaga_kesehatan_masyarakat,0
91,522,2019,Kabupaten Probolinggo,jumlah_tenaga_teknik_biomedika,0
91,522,2019,Kabupaten Probolinggo,tenaga_kesehatan_tenaga_kesehatan_lingkungan,0
91,522,2019,Kabupaten Probolinggo,jumlah_tenaga_kesehatan_tradisional,0
91,522,2019,Kabupaten Probolinggo,tenaga_kesehatan_tenaga_gizi,57
91,522,2019,Kabupaten Probolinggo,jumlah_tenaga_keterapian_fisik,0
92,522,2019,Kabupaten Pasuruan,jumlah_tenaga_kesehatan_psikologi_klinis,0
92,522,2019,Kabupaten Pasuruan,tenaga_kesehatan_tenaga_kefarmasian,108
92,522,2019,Kabupaten Pasuruan,tenaga_kesehatan_tenaga_kesehatan_lingkungan,0
92,522,2019,Kabupaten Pasuruan,jumlah_tenaga_teknik_biomedika,0
92,522,2019,Kabupaten Pasuruan,jumlah_tenaga_medis,0
92,522,2019,Kabupaten Pasuruan,tenaga_kesehatan_tenaga_kesehatan_masyarakat,0
92,522,2019,Kabupaten Pasuruan,tenaga_kesehatan_perawat,1169
92,522,2019,Kabupaten Pasuruan,jumlah_tenaga_keterapian_fisik,0
92,522,2019,Kabupaten Pasuruan,jumlah_tenaga_keteknisan_medis,0
92,522,2019,Kabupaten Pasuruan,tenaga_kesehatan_tenaga_gizi,73
92,522,2019,Kabupaten Pasuruan,tenaga_kesehatan_bidan,780
92,522,2019,Kabupaten Pasuruan,jumlah_tenaga_kesehatan_tradisional,0
92,522,2019,Kabupaten Pasuruan,tenaga_kesehatan_dokter,393
93,522,2019,Kabupaten Sidoarjo,tenaga_kesehatan_tenaga_kesehatan_masyarakat,0
93,522,2019,Kabupaten Sidoarjo,jumlah_tenaga_keterapian_fisik,0
93,522,2019,Kabupaten Sidoarjo,tenaga_kesehatan_dokter,1191
93,522,2019,Kabupaten Sidoarjo,tenaga_kesehatan_bidan,971
93,522,2019,Kabupaten Sidoarjo,jumlah_tenaga_kesehatan_tradisional,0
93,522,2019,Kabupaten Sidoarjo,tenaga_kesehatan_perawat,2796
93,522,2019,Kabupaten Sidoarjo,jumlah_tenaga_teknik_biomedika,0
93,522,2019,Kabupaten Sidoarjo,tenaga_kesehatan_tenaga_gizi,107
93,522,2019,Kabupaten Sidoarjo,tenaga_kesehatan_tenaga_kefarmasian,436
93,522,2019,Kabupaten Sidoarjo,jumlah_tenaga_medis,0
93,522,2019,Kabupaten Sidoarjo,jumlah_tenaga_keteknisan_medis,0
93,522,2019,Kabupaten Sidoarjo,tenaga_kesehatan_tenaga_kesehatan_lingkungan,0
93,522,2019,Kabupaten Sidoarjo,jumlah_tenaga_kesehatan_psikologi_klinis,0
94,522,2019,Kabupaten Mojokerto,tenaga_kesehatan_tenaga_kesehatan_lingkungan,0
94,522,2019,Kabupaten Mojokerto,jumlah_tenaga_teknik_biomedika,0
94,522,2019,Kabupaten Mojokerto,tenaga_kesehatan_perawat,1622
94,522,2019,Kabupaten Mojokerto,jumlah_tenaga_kesehatan_psikologi_klinis,0
94,522,2019,Kabupaten Mojokerto,jumlah_tenaga_medis,0
94,522,2019,Kabupaten Mojokerto,tenaga_kesehatan_tenaga_gizi,56
94,522,2019,Kabupaten Mojokerto,tenaga_kesehatan_bidan,695
94,522,2019,Kabupaten Mojokerto,jumlah_tenaga_kesehatan_tradisional,0
94,522,2019,Kabupaten Mojokerto,tenaga_kesehatan_tenaga_kefarmasian,165
94,522,2019,Kabupaten Mojokerto,jumlah_tenaga_keterapian_fisik,0
94,522,2019,Kabupaten Mojokerto,tenaga_kesehatan_tenaga_kesehatan_masyarakat,0
94,522,2019,Kabupaten Mojokerto,jumlah_tenaga_keteknisan_medis,0
94,522,2019,Kabupaten Mojokerto,tenaga_kesehatan_dokter,435
95,522,2019,Kabupaten Jombang,jumlah_tenaga_kesehatan_tradisional,0
95,522,2019,Kabupaten Jombang,tenaga_kesehatan_bidan,1320
95,522,2019,Kabupaten Jombang,jumlah_tenaga_keterapian_fisik,0
95,522,2019,Kabupaten Jombang,tenaga_kesehatan_tenaga_kesehatan_masyarakat,0
95,522,2019,Kabupaten Jombang,jumlah_tenaga_teknik_biomedika,0
95,522,2019,Kabupaten Jombang,jumlah_tenaga_keteknisan_medis,0
95,522,2019,Kabupaten Jombang,tenaga_kesehatan_tenaga_gizi,74
95,522,2019,Kabupaten Jombang,jumlah_tenaga_kesehatan_psikologi_klinis,0
95,522,2019,Kabupaten Jombang,jumlah_tenaga_medis,0
95,522,2019,Kabupaten Jombang,tenaga_kesehatan_tenaga_kesehatan_lingkungan,0
95,522,2019,Kabupaten Jombang,tenaga_kesehatan_dokter,734
95,522,2019,Kabupaten Jombang,tenaga_kesehatan_perawat,1675
95,522,2019,Kabupaten Jombang,tenaga_kesehatan_tenaga_kefarmasian,256
96,522,2019,Kabupaten Nganjuk,jumlah_tenaga_teknik_biomedika,0
96,522,2019,Kabupaten Nganjuk,jumlah_tenaga_kesehatan_psikologi_klinis,0
96,522,2019,Kabupaten Nganjuk,tenaga_kesehatan_tenaga_kesehatan_lingkungan,0
96,522,2019,Kabupaten Nganjuk,jumlah_tenaga_keterapian_fisik,0
96,522,2019,Kabupaten Nganjuk,tenaga_kesehatan_dokter,444
96,522,2019,Kabupaten Nganjuk,tenaga_kesehatan_tenaga_kesehatan_masyarakat,0
96,522,2019,Kabupaten Nganjuk,jumlah_tenaga_kesehatan_tradisional,0
96,522,2019,Kabupaten Nganjuk,tenaga_kesehatan_tenaga_kefarmasian,213
96,522,2019,Kabupaten Nganjuk,tenaga_kesehatan_bidan,733
96,522,2019,Kabupaten Nganjuk,jumlah_tenaga_keteknisan_medis,0
96,522,2019,Kabupaten Nganjuk,tenaga_kesehatan_tenaga_gizi,61
96,522,2019,Kabupaten Nganjuk,tenaga_kesehatan_perawat,1170
96,522,2019,Kabupaten Nganjuk,jumlah_tenaga_medis,0
97,522,2019,Kabupaten Madiun,tenaga_kesehatan_tenaga_gizi,48
97,522,2019,Kabupaten Madiun,jumlah_tenaga_teknik_biomedika,0
97,522,2019,Kabupaten Madiun,jumlah_tenaga_kesehatan_psikologi_klinis,0
97,522,2019,Kabupaten Madiun,tenaga_kesehatan_bidan,417
97,522,2019,Kabupaten Madiun,tenaga_kesehatan_tenaga_kefarmasian,131
97,522,2019,Kabupaten Madiun,jumlah_tenaga_kesehatan_tradisional,0
97,522,2019,Kabupaten Madiun,jumlah_tenaga_keteknisan_medis,0
97,522,2019,Kabupaten Madiun,tenaga_kesehatan_perawat,778
97,522,2019,Kabupaten Madiun,tenaga_kesehatan_tenaga_kesehatan_masyarakat,0
97,522,2019,Kabupaten Madiun,tenaga_kesehatan_dokter,225
97,522,2019,Kabupaten Madiun,jumlah_tenaga_keterapian_fisik,0
97,522,2019,Kabupaten Madiun,jumlah_tenaga_medis,0
97,522,2019,Kabupaten Madiun,tenaga_kesehatan_tenaga_kesehatan_lingkungan,0
98,522,2019,Kabupaten Magetan,tenaga_kesehatan_tenaga_kefarmasian,67
98,522,2019,Kabupaten Magetan,tenaga_kesehatan_tenaga_kesehatan_lingkungan,0
98,522,2019,Kabupaten Magetan,jumlah_tenaga_kesehatan_psikologi_klinis,0
98,522,2019,Kabupaten Magetan,tenaga_kesehatan_bidan,546
98,522,2019,Kabupaten Magetan,jumlah_tenaga_medis,0
98,522,2019,Kabupaten Magetan,tenaga_kesehatan_perawat,706
98,522,2019,Kabupaten Magetan,tenaga_kesehatan_dokter,174
98,522,2019,Kabupaten Magetan,jumlah_tenaga_keteknisan_medis,0
98,522,2019,Kabupaten Magetan,jumlah_tenaga_keterapian_fisik,0
98,522,2019,Kabupaten Magetan,jumlah_tenaga_teknik_biomedika,0
98,522,2019,Kabupaten Magetan,jumlah_tenaga_kesehatan_tradisional,0
98,522,2019,Kabupaten Magetan,tenaga_kesehatan_tenaga_gizi,41
98,522,2019,Kabupaten Magetan,tenaga_kesehatan_tenaga_kesehatan_masyarakat,0
99,522,2019,Kabupaten Ngawi,tenaga_kesehatan_tenaga_kefarmasian,219
99,522,2019,Kabupaten Ngawi,tenaga_kesehatan_dokter,420
99,522,2019,Kabupaten Ngawi,tenaga_kesehatan_tenaga_kesehatan_masyarakat,0
99,522,2019,Kabupaten Ngawi,jumlah_tenaga_teknik_biomedika,0
99,522,2019,Kabupaten Ngawi,jumlah_tenaga_kesehatan_tradisional,0
99,522,2019,Kabupaten Ngawi,jumlah_tenaga_kesehatan_psikologi_klinis,0
99,522,2019,Kabupaten Ngawi,jumlah_tenaga_keteknisan_medis,0
99,522,2019,Kabupaten Ngawi,tenaga_kesehatan_tenaga_gizi,66
99,522,2019,Kabupaten Ngawi,tenaga_kesehatan_tenaga_kesehatan_lingkungan,0
99,522,2019,Kabupaten Ngawi,jumlah_tenaga_medis,0
99,522,2019,Kabupaten Ngawi,jumlah_tenaga_keterapian_fisik,0
99,522,2019,Kabupaten Ngawi,tenaga_kesehatan_perawat,1132
99,522,2019,Kabupaten Ngawi,tenaga_kesehatan_bidan,702
100,522,2019,Kabupaten Bojonegoro,jumlah_tenaga_teknik_biomedika,0
100,522,2019,Kabupaten Bojonegoro,jumlah_tenaga_kesehatan_tradisional,0
100,522,2019,Kabupaten Bojonegoro,tenaga_kesehatan_tenaga_kesehatan_lingkungan,0
100,522,2019,Kabupaten Bojonegoro,jumlah_tenaga_keteknisan_medis,0
100,522,2019,Kabupaten Bojonegoro,tenaga_kesehatan_tenaga_kesehatan_masyarakat,0
100,522,2019,Kabupaten Bojonegoro,jumlah_tenaga_keterapian_fisik,0
100,522,2019,Kabupaten Bojonegoro,tenaga_kesehatan_tenaga_gizi,60
100,522,2019,Kabupaten Bojonegoro,tenaga_kesehatan_tenaga_kefarmasian,189
100,522,2019,Kabupaten Bojonegoro,tenaga_kesehatan_dokter,519
100,522,2019,Kabupaten Bojonegoro,jumlah_tenaga_kesehatan_psikologi_klinis,0
100,522,2019,Kabupaten Bojonegoro,jumlah_tenaga_medis,0
100,522,2019,Kabupaten Bojonegoro,tenaga_kesehatan_bidan,1029
100,522,2019,Kabupaten Bojonegoro,tenaga_kesehatan_perawat,1214
101,522,2019,Kabupaten Tuban,tenaga_kesehatan_dokter,231
101,522,2019,Kabupaten Tuban,tenaga_kesehatan_tenaga_kesehatan_lingkungan,0
101,522,2019,Kabupaten Tuban,tenaga_kesehatan_tenaga_kesehatan_masyarakat,0
101,522,2019,Kabupaten Tuban,tenaga_kesehatan_tenaga_kefarmasian,103
101,522,2019,Kabupaten Tuban,tenaga_kesehatan_bidan,491
101,522,2019,Kabupaten Tuban,jumlah_tenaga_teknik_biomedika,0
101,522,2019,Kabupaten Tuban,jumlah_tenaga_kesehatan_tradisional,0
101,522,2019,Kabupaten Tuban,jumlah_tenaga_keterapian_fisik,0
101,522,2019,Kabupaten Tuban,tenaga_kesehatan_tenaga_gizi,52
101,522,2019,Kabupaten Tuban,jumlah_tenaga_keteknisan_medis,0
101,522,2019,Kabupaten Tuban,tenaga_kesehatan_perawat,865
101,522,2019,Kabupaten Tuban,jumlah_tenaga_medis,0
101,522,2019,Kabupaten Tuban,jumlah_tenaga_kesehatan_psikologi_klinis,0
102,522,2019,Kabupaten Lamongan,tenaga_kesehatan_tenaga_gizi,51
102,522,2019,Kabupaten Lamongan,jumlah_tenaga_medis,0
102,522,2019,Kabupaten Lamongan,jumlah_tenaga_kesehatan_psikologi_klinis,0
102,522,2019,Kabupaten Lamongan,tenaga_kesehatan_tenaga_kesehatan_lingkungan,0
102,522,2019,Kabupaten Lamongan,jumlah_tenaga_keterapian_fisik,0
102,522,2019,Kabupaten Lamongan,tenaga_kesehatan_tenaga_kesehatan_masyarakat,0
102,522,2019,Kabupaten Lamongan,jumlah_tenaga_keteknisan_medis,0
102,522,2019,Kabupaten Lamongan,tenaga_kesehatan_tenaga_kefarmasian,110
102,522,2019,Kabupaten Lamongan,jumlah_tenaga_teknik_biomedika,0
102,522,2019,Kabupaten Lamongan,tenaga_kesehatan_bidan,938
102,522,2019,Kabupaten Lamongan,jumlah_tenaga_kesehatan_tradisional,0
102,522,2019,Kabupaten Lamongan,tenaga_kesehatan_perawat,1721
102,522,2019,Kabupaten Lamongan,tenaga_kesehatan_dokter,421
103,522,2019,Kabupaten Gresik,jumlah_tenaga_teknik_biomedika,0
103,522,2019,Kabupaten Gresik,tenaga_kesehatan_bidan,827
103,522,2019,Kabupaten Gresik,jumlah_tenaga_kesehatan_tradisional,0
103,522,2019,Kabupaten Gresik,tenaga_kesehatan_tenaga_kefarmasian,155
103,522,2019,Kabupaten Gresik,tenaga_kesehatan_perawat,1391
103,522,2019,Kabupaten Gresik,tenaga_kesehatan_dokter,439
103,522,2019,Kabupaten Gresik,jumlah_tenaga_keteknisan_medis,0
103,522,2019,Kabupaten Gresik,tenaga_kesehatan_tenaga_kesehatan_masyarakat,0
103,522,2019,Kabupaten Gresik,jumlah_tenaga_medis,0
103,522,2019,Kabupaten Gresik,tenaga_kesehatan_tenaga_kesehatan_lingkungan,0
103,522,2019,Kabupaten Gresik,tenaga_kesehatan_tenaga_gizi,42
103,522,2019,Kabupaten Gresik,jumlah_tenaga_keterapian_fisik,0
103,522,2019,Kabupaten Gresik,jumlah_tenaga_kesehatan_psikologi_klinis,0
104,522,2019,Kabupaten Bangkalan,jumlah_tenaga_keterapian_fisik,0
104,522,2019,Kabupaten Bangkalan,tenaga_kesehatan_bidan,1110
104,522,2019,Kabupaten Bangkalan,tenaga_kesehatan_perawat,1040
104,522,2019,Kabupaten Bangkalan,jumlah_tenaga_kesehatan_psikologi_klinis,0
104,522,2019,Kabupaten Bangkalan,tenaga_kesehatan_tenaga_kefarmasian,38
104,522,2019,Kabupaten Bangkalan,tenaga_kesehatan_dokter,273
104,522,2019,Kabupaten Bangkalan,jumlah_tenaga_medis,0
104,522,2019,Kabupaten Bangkalan,jumlah_tenaga_teknik_biomedika,0
104,522,2019,Kabupaten Bangkalan,jumlah_tenaga_kesehatan_tradisional,0
104,522,2019,Kabupaten Bangkalan,tenaga_kesehatan_tenaga_gizi,25
104,522,2019,Kabupaten Bangkalan,jumlah_tenaga_keteknisan_medis,0
104,522,2019,Kabupaten Bangkalan,tenaga_kesehatan_tenaga_kesehatan_masyarakat,0
104,522,2019,Kabupaten Bangkalan,tenaga_kesehatan_tenaga_kesehatan_lingkungan,0
105,522,2019,Kabupaten Sampang,tenaga_kesehatan_tenaga_gizi,52
105,522,2019,Kabupaten Sampang,tenaga_kesehatan_tenaga_kesehatan_lingkungan,0
105,522,2019,Kabupaten Sampang,tenaga_kesehatan_bidan,626
105,522,2019,Kabupaten Sampang,tenaga_kesehatan_dokter,149
105,522,2019,Kabupaten Sampang,jumlah_tenaga_medis,0
105,522,2019,Kabupaten Sampang,jumlah_tenaga_kesehatan_tradisional,0
105,522,2019,Kabupaten Sampang,jumlah_tenaga_keteknisan_medis,0
105,522,2019,Kabupaten Sampang,tenaga_kesehatan_tenaga_kesehatan_masyarakat,0
105,522,2019,Kabupaten Sampang,jumlah_tenaga_keterapian_fisik,0
105,522,2019,Kabupaten Sampang,tenaga_kesehatan_perawat,925
105,522,2019,Kabupaten Sampang,tenaga_kesehatan_tenaga_kefarmasian,20
105,522,2019,Kabupaten Sampang,jumlah_tenaga_kesehatan_psikologi_klinis,0
105,522,2019,Kabupaten Sampang,jumlah_tenaga_teknik_biomedika,0
106,522,2019,Kabupaten Pamekasan,jumlah_tenaga_kesehatan_psikologi_klinis,0
106,522,2019,Kabupaten Pamekasan,tenaga_kesehatan_tenaga_kesehatan_lingkungan,0
106,522,2019,Kabupaten Pamekasan,tenaga_kesehatan_perawat,1139
106,522,2019,Kabupaten Pamekasan,jumlah_tenaga_keterapian_fisik,0
106,522,2019,Kabupaten Pamekasan,tenaga_kesehatan_tenaga_kesehatan_masyarakat,0
106,522,2019,Kabupaten Pamekasan,jumlah_tenaga_kesehatan_tradisional,0
106,522,2019,Kabupaten Pamekasan,tenaga_kesehatan_dokter,360
106,522,2019,Kabupaten Pamekasan,tenaga_kesehatan_tenaga_gizi,42
106,522,2019,Kabupaten Pamekasan,jumlah_tenaga_keteknisan_medis,0
106,522,2019,Kabupaten Pamekasan,tenaga_kesehatan_bidan,697
106,522,2019,Kabupaten Pamekasan,jumlah_tenaga_teknik_biomedika,0
106,522,2019,Kabupaten Pamekasan,jumlah_tenaga_medis,0
106,522,2019,Kabupaten Pamekasan,tenaga_kesehatan_tenaga_kefarmasian,126
107,522,2019,Kabupaten Sumenep,jumlah_tenaga_kesehatan_tradisional,0
107,522,2019,Kabupaten Sumenep,tenaga_kesehatan_bidan,771
107,522,2019,Kabupaten Sumenep,jumlah_tenaga_keterapian_fisik,0
107,522,2019,Kabupaten Sumenep,jumlah_tenaga_teknik_biomedika,0
107,522,2019,Kabupaten Sumenep,jumlah_tenaga_medis,0
107,522,2019,Kabupaten Sumenep,tenaga_kesehatan_tenaga_kesehatan_lingkungan,0
107,522,2019,Kabupaten Sumenep,tenaga_kesehatan_tenaga_gizi,42
107,522,2019,Kabupaten Sumenep,jumlah_tenaga_kesehatan_psikologi_klinis,0
107,522,2019,Kabupaten Sumenep,tenaga_kesehatan_tenaga_kefarmasian,30
107,522,2019,Kabupaten Sumenep,tenaga_kesehatan_perawat,1130
107,522,2019,Kabupaten Sumenep,tenaga_kesehatan_tenaga_kesehatan_masyarakat,0
107,522,2019,Kabupaten Sumenep,tenaga_kesehatan_dokter,255
107,522,2019,Kabupaten Sumenep,jumlah_tenaga_keteknisan_medis,0
108,522,2019,Kota Kediri,jumlah_tenaga_kesehatan_tradisional,0
108,522,2019,Kota Kediri,tenaga_kesehatan_bidan,405
108,522,2019,Kota Kediri,jumlah_tenaga_kesehatan_psikologi_klinis,0
108,522,2019,Kota Kediri,jumlah_tenaga_keterapian_fisik,0
108,522,2019,Kota Kediri,tenaga_kesehatan_dokter,495
108,522,2019,Kota Kediri,jumlah_tenaga_teknik_biomedika,0
108,522,2019,Kota Kediri,tenaga_kesehatan_perawat,1312
108,522,2019,Kota Kediri,tenaga_kesehatan_tenaga_kesehatan_masyarakat,0
108,522,2019,Kota Kediri,tenaga_kesehatan_tenaga_kesehatan_lingkungan,0
108,522,2019,Kota Kediri,tenaga_kesehatan_tenaga_kefarmasian,321
108,522,2019,Kota Kediri,jumlah_tenaga_keteknisan_medis,0
108,522,2019,Kota Kediri,jumlah_tenaga_medis,0
108,522,2019,Kota Kediri,tenaga_kesehatan_tenaga_gizi,56
109,522,2019,Kota Blitar,tenaga_kesehatan_tenaga_kesehatan_lingkungan,0
109,522,2019,Kota Blitar,jumlah_tenaga_keteknisan_medis,0
109,522,2019,Kota Blitar,tenaga_kesehatan_perawat,614
109,522,2019,Kota Blitar,jumlah_tenaga_teknik_biomedika,0
109,522,2019,Kota Blitar,jumlah_tenaga_medis,0
109,522,2019,Kota Blitar,jumlah_tenaga_kesehatan_psikologi_klinis,0
109,522,2019,Kota Blitar,tenaga_kesehatan_dokter,277
109,522,2019,Kota Blitar,jumlah_tenaga_kesehatan_tradisional,0
109,522,2019,Kota Blitar,tenaga_kesehatan_tenaga_gizi,32
109,522,2019,Kota Blitar,tenaga_kesehatan_bidan,176
109,522,2019,Kota Blitar,tenaga_kesehatan_tenaga_kesehatan_masyarakat,0
109,522,2019,Kota Blitar,tenaga_kesehatan_tenaga_kefarmasian,175
109,522,2019,Kota Blitar,jumlah_tenaga_keterapian_fisik,0
110,522,2019,Kota Malang,tenaga_kesehatan_tenaga_gizi,158
110,522,2019,Kota Malang,jumlah_tenaga_keteknisan_medis,0
110,522,2019,Kota Malang,tenaga_kesehatan_tenaga_kesehatan_lingkungan,0
110,522,2019,Kota Malang,jumlah_tenaga_teknik_biomedika,0
110,522,2019,Kota Malang,tenaga_kesehatan_tenaga_kefarmasian,629
110,522,2019,Kota Malang,tenaga_kesehatan_tenaga_kesehatan_masyarakat,0
110,522,2019,Kota Malang,jumlah_tenaga_kesehatan_psikologi_klinis,0
110,522,2019,Kota Malang,tenaga_kesehatan_perawat,3054
110,522,2019,Kota Malang,tenaga_kesehatan_bidan,734
110,522,2019,Kota Malang,jumlah_tenaga_medis,0
110,522,2019,Kota Malang,jumlah_tenaga_keterapian_fisik,0
110,522,2019,Kota Malang,tenaga_kesehatan_dokter,2178
110,522,2019,Kota Malang,jumlah_tenaga_kesehatan_tradisional,0
111,522,2019,Kota Probolinggo,jumlah_tenaga_keteknisan_medis,0
111,522,2019,Kota Probolinggo,jumlah_tenaga_teknik_biomedika,0
111,522,2019,Kota Probolinggo,jumlah_tenaga_kesehatan_psikologi_klinis,0
111,522,2019,Kota Probolinggo,jumlah_tenaga_kesehatan_tradisional,0
111,522,2019,Kota Probolinggo,tenaga_kesehatan_dokter,329
111,522,2019,Kota Probolinggo,tenaga_kesehatan_tenaga_kefarmasian,79
111,522,2019,Kota Probolinggo,tenaga_kesehatan_perawat,591
111,522,2019,Kota Probolinggo,jumlah_tenaga_keterapian_fisik,0
111,522,2019,Kota Probolinggo,tenaga_kesehatan_tenaga_kesehatan_masyarakat,0
111,522,2019,Kota Probolinggo,tenaga_kesehatan_tenaga_kesehatan_lingkungan,0
111,522,2019,Kota Probolinggo,tenaga_kesehatan_bidan,181
111,522,2019,Kota Probolinggo,jumlah_tenaga_medis,0
111,522,2019,Kota Probolinggo,tenaga_kesehatan_tenaga_gizi,28
112,522,2019,Kota Pasuruan,jumlah_tenaga_keterapian_fisik,0
112,522,2019,Kota Pasuruan,tenaga_kesehatan_dokter,202
112,522,2019,Kota Pasuruan,tenaga_kesehatan_tenaga_kesehatan_lingkungan,0
112,522,2019,Kota Pasuruan,tenaga_kesehatan_tenaga_gizi,25
112,522,2019,Kota Pasuruan,jumlah_tenaga_kesehatan_tradisional,0
112,522,2019,Kota Pasuruan,jumlah_tenaga_medis,0
112,522,2019,Kota Pasuruan,tenaga_kesehatan_tenaga_kefarmasian,103
112,522,2019,Kota Pasuruan,tenaga_kesehatan_bidan,207
112,522,2019,Kota Pasuruan,jumlah_tenaga_kesehatan_psikologi_klinis,0
112,522,2019,Kota Pasuruan,tenaga_kesehatan_tenaga_kesehatan_masyarakat,0
112,522,2019,Kota Pasuruan,jumlah_tenaga_teknik_biomedika,0
112,522,2019,Kota Pasuruan,jumlah_tenaga_keteknisan_medis,0
112,522,2019,Kota Pasuruan,tenaga_kesehatan_perawat,446
113,522,2019,Kota Mojokerto,tenaga_kesehatan_tenaga_kefarmasian,117
113,522,2019,Kota Mojokerto,jumlah_tenaga_keteknisan_medis,0
113,522,2019,Kota Mojokerto,tenaga_kesehatan_tenaga_gizi,14
113,522,2019,Kota Mojokerto,tenaga_kesehatan_tenaga_kesehatan_lingkungan,0
113,522,2019,Kota Mojokerto,tenaga_kesehatan_tenaga_kesehatan_masyarakat,0
113,522,2019,Kota Mojokerto,tenaga_kesehatan_dokter,150
113,522,2019,Kota Mojokerto,jumlah_tenaga_keterapian_fisik,0
113,522,2019,Kota Mojokerto,jumlah_tenaga_medis,0
113,522,2019,Kota Mojokerto,jumlah_tenaga_kesehatan_psikologi_klinis,0
113,522,2019,Kota Mojokerto,tenaga_kesehatan_bidan,121
113,522,2019,Kota Mojokerto,jumlah_tenaga_kesehatan_tradisional,0
113,522,2019,Kota Mojokerto,jumlah_tenaga_teknik_biomedika,0
113,522,2019,Kota Mojokerto,tenaga_kesehatan_perawat,299
114,522,2019,Kota Madiun,tenaga_kesehatan_tenaga_gizi,50
114,522,2019,Kota Madiun,tenaga_kesehatan_tenaga_kefarmasian,217
114,522,2019,Kota Madiun,jumlah_tenaga_kesehatan_tradisional,0
114,522,2019,Kota Madiun,jumlah_tenaga_teknik_biomedika,0
114,522,2019,Kota Madiun,jumlah_tenaga_kesehatan_psikologi_klinis,0
114,522,2019,Kota Madiun,jumlah_tenaga_keterapian_fisik,0
114,522,2019,Kota Madiun,tenaga_kesehatan_tenaga_kesehatan_masyarakat,0
114,522,2019,Kota Madiun,tenaga_kesehatan_dokter,654
114,522,2019,Kota Madiun,jumlah_tenaga_keteknisan_medis,0
114,522,2019,Kota Madiun,jumlah_tenaga_medis,0
114,522,2019,Kota Madiun,tenaga_kesehatan_bidan,270
114,522,2019,Kota Madiun,tenaga_kesehatan_perawat,1056
114,522,2019,Kota Madiun,tenaga_kesehatan_tenaga_kesehatan_lingkungan,0
115,522,2019,Kota Surabaya,tenaga_kesehatan_perawat,6864
115,522,2019,Kota Surabaya,jumlah_tenaga_keterapian_fisik,0
115,522,2019,Kota Surabaya,tenaga_kesehatan_dokter,2578
115,522,2019,Kota Surabaya,tenaga_kesehatan_tenaga_kesehatan_masyarakat,0
115,522,2019,Kota Surabaya,jumlah_tenaga_medis,0
115,522,2019,Kota Surabaya,tenaga_kesehatan_tenaga_kesehatan_lingkungan,0
115,522,2019,Kota Surabaya,jumlah_tenaga_keteknisan_medis,0
115,522,2019,Kota Surabaya,tenaga_kesehatan_tenaga_kefarmasian,911
115,522,2019,Kota Surabaya,jumlah_tenaga_kesehatan_psikologi_klinis,0
115,522,2019,Kota Surabaya,jumlah_tenaga_teknik_biomedika,0
115,522,2019,Kota Surabaya,tenaga_kesehatan_tenaga_gizi,221
115,522,2019,Kota Surabaya,jumlah_tenaga_kesehatan_tradisional,0
115,522,2019,Kota Surabaya,tenaga_kesehatan_bidan,1243
116,522,2019,Kota Batu,jumlah_tenaga_keteknisan_medis,0
116,522,2019,Kota Batu,tenaga_kesehatan_tenaga_kesehatan_masyarakat,0
116,522,2019,Kota Batu,jumlah_tenaga_medis,0
116,522,2019,Kota Batu,jumlah_tenaga_teknik_biomedika,0
116,522,2019,Kota Batu,tenaga_kesehatan_bidan,115
116,522,2019,Kota Batu,tenaga_kesehatan_tenaga_gizi,31
116,522,2019,Kota Batu,jumlah_tenaga_keterapian_fisik,0
116,522,2019,Kota Batu,tenaga_kesehatan_perawat,419
116,522,2019,Kota Batu,tenaga_kesehatan_tenaga_kesehatan_lingkungan,0
116,522,2019,Kota Batu,jumlah_tenaga_kesehatan_tradisional,0
116,522,2019,Kota Batu,jumlah_tenaga_kesehatan_psikologi_klinis,0
116,522,2019,Kota Batu,tenaga_kesehatan_tenaga_kefarmasian,116
116,522,2019,Kota Batu,tenaga_kesehatan_dokter,256
117,522,2019,Jawa Timur,jumlah_tenaga_kesehatan_tradisional,0
117,522,2019,Jawa Timur,tenaga_kesehatan_dokter,19144
117,522,2019,Jawa Timur,tenaga_kesehatan_perawat,51276
117,522,2019,Jawa Timur,jumlah_tenaga_medis,0
117,522,2019,Jawa Timur,tenaga_kesehatan_tenaga_kesehatan_masyarakat,0
117,522,2019,Jawa Timur,jumlah_tenaga_keteknisan_medis,0
117,522,2019,Jawa Timur,jumlah_tenaga_kesehatan_psikologi_klinis,0
117,522,2019,Jawa Timur,tenaga_kesehatan_bidan,24375
117,522,2019,Jawa Timur,tenaga_kesehatan_tenaga_kefarmasian,7589
117,522,2019,Jawa Timur,jumlah_tenaga_teknik_biomedika,0
117,522,2019,Jawa Timur,tenaga_kesehatan_tenaga_gizi,2386
117,522,2019,Jawa Timur,jumlah_tenaga_keterapian_fisik,0
117,522,2019,Jawa Timur,tenaga_kesehatan_tenaga_kesehatan_lingkungan,0
118,522,2018,Kabupaten Pacitan,jumlah_tenaga_kesehatan_psikologi_klinis,0
118,522,2018,Kabupaten Pacitan,jumlah_tenaga_kesehatan_tradisional,0
118,522,2018,Kabupaten Pacitan,tenaga_kesehatan_perawat,641
118,522,2018,Kabupaten Pacitan,tenaga_kesehatan_dokter,233
118,522,2018,Kabupaten Pacitan,jumlah_tenaga_keterapian_fisik,0
118,522,2018,Kabupaten Pacitan,tenaga_kesehatan_bidan,347
118,522,2018,Kabupaten Pacitan,jumlah_tenaga_teknik_biomedika,0
118,522,2018,Kabupaten Pacitan,jumlah_tenaga_medis,0
118,522,2018,Kabupaten Pacitan,tenaga_kesehatan_tenaga_kesehatan_masyarakat,0
118,522,2018,Kabupaten Pacitan,tenaga_kesehatan_tenaga_kesehatan_lingkungan,0
118,522,2018,Kabupaten Pacitan,tenaga_kesehatan_tenaga_gizi,46
118,522,2018,Kabupaten Pacitan,tenaga_kesehatan_tenaga_kefarmasian,129
118,522,2018,Kabupaten Pacitan,jumlah_tenaga_keteknisan_medis,0
119,522,2018,Kabupaten Ponorogo,jumlah_tenaga_medis,0
119,522,2018,Kabupaten Ponorogo,jumlah_tenaga_keteknisan_medis,0
119,522,2018,Kabupaten Ponorogo,tenaga_kesehatan_bidan,519
119,522,2018,Kabupaten Ponorogo,jumlah_tenaga_kesehatan_psikologi_klinis,0
119,522,2018,Kabupaten Ponorogo,tenaga_kesehatan_perawat,1023
119,522,2018,Kabupaten Ponorogo,tenaga_kesehatan_dokter,259
119,522,2018,Kabupaten Ponorogo,tenaga_kesehatan_tenaga_gizi,35
119,522,2018,Kabupaten Ponorogo,jumlah_tenaga_keterapian_fisik,0
119,522,2018,Kabupaten Ponorogo,tenaga_kesehatan_tenaga_kesehatan_masyarakat,0
119,522,2018,Kabupaten Ponorogo,tenaga_kesehatan_tenaga_kefarmasian,176
119,522,2018,Kabupaten Ponorogo,jumlah_tenaga_teknik_biomedika,0
119,522,2018,Kabupaten Ponorogo,tenaga_kesehatan_tenaga_kesehatan_lingkungan,0
119,522,2018,Kabupaten Ponorogo,jumlah_tenaga_kesehatan_tradisional,0
120,522,2018,Kabupaten Trenggalek,tenaga_kesehatan_tenaga_kesehatan_masyarakat,0
120,522,2018,Kabupaten Trenggalek,tenaga_kesehatan_tenaga_gizi,64
120,522,2018,Kabupaten Trenggalek,tenaga_kesehatan_tenaga_kefarmasian,211
120,522,2018,Kabupaten Trenggalek,jumlah_tenaga_medis,0
120,522,2018,Kabupaten Trenggalek,jumlah_tenaga_keteknisan_medis,0
120,522,2018,Kabupaten Trenggalek,jumlah_tenaga_kesehatan_psikologi_klinis,0
120,522,2018,Kabupaten Trenggalek,tenaga_kesehatan_tenaga_kesehatan_lingkungan,0
120,522,2018,Kabupaten Trenggalek,tenaga_kesehatan_bidan,384
120,522,2018,Kabupaten Trenggalek,jumlah_tenaga_keterapian_fisik,0
120,522,2018,Kabupaten Trenggalek,tenaga_kesehatan_dokter,314
120,522,2018,Kabupaten Trenggalek,tenaga_kesehatan_perawat,820
120,522,2018,Kabupaten Trenggalek,jumlah_tenaga_kesehatan_tradisional,0
120,522,2018,Kabupaten Trenggalek,jumlah_tenaga_teknik_biomedika,0
121,522,2018,Kabupaten Tulungagung,tenaga_kesehatan_bidan,609
121,522,2018,Kabupaten Tulungagung,jumlah_tenaga_keteknisan_medis,0
121,522,2018,Kabupaten Tulungagung,jumlah_tenaga_medis,0
121,522,2018,Kabupaten Tulungagung,tenaga_kesehatan_tenaga_kesehatan_masyarakat,0
121,522,2018,Kabupaten Tulungagung,jumlah_tenaga_keterapian_fisik,0
121,522,2018,Kabupaten Tulungagung,jumlah_tenaga_teknik_biomedika,0
121,522,2018,Kabupaten Tulungagung,jumlah_tenaga_kesehatan_tradisional,0
121,522,2018,Kabupaten Tulungagung,jumlah_tenaga_kesehatan_psikologi_klinis,0
121,522,2018,Kabupaten Tulungagung,tenaga_kesehatan_tenaga_kefarmasian,281
121,522,2018,Kabupaten Tulungagung,tenaga_kesehatan_tenaga_kesehatan_lingkungan,0
121,522,2018,Kabupaten Tulungagung,tenaga_kesehatan_dokter,464
121,522,2018,Kabupaten Tulungagung,tenaga_kesehatan_tenaga_gizi,49
121,522,2018,Kabupaten Tulungagung,tenaga_kesehatan_perawat,1121
122,522,2018,Kabupaten Blitar,tenaga_kesehatan_tenaga_gizi,52
122,522,2018,Kabupaten Blitar,tenaga_kesehatan_tenaga_kesehatan_masyarakat,0
122,522,2018,Kabupaten Blitar,tenaga_kesehatan_perawat,851
122,522,2018,Kabupaten Blitar,tenaga_kesehatan_bidan,540
122,522,2018,Kabupaten Blitar,jumlah_tenaga_keterapian_fisik,0
122,522,2018,Kabupaten Blitar,jumlah_tenaga_kesehatan_psikologi_klinis,0
122,522,2018,Kabupaten Blitar,jumlah_tenaga_keteknisan_medis,0
122,522,2018,Kabupaten Blitar,tenaga_kesehatan_dokter,380
122,522,2018,Kabupaten Blitar,jumlah_tenaga_medis,0
122,522,2018,Kabupaten Blitar,tenaga_kesehatan_tenaga_kefarmasian,174
122,522,2018,Kabupaten Blitar,jumlah_tenaga_kesehatan_tradisional,0
122,522,2018,Kabupaten Blitar,tenaga_kesehatan_tenaga_kesehatan_lingkungan,0
122,522,2018,Kabupaten Blitar,jumlah_tenaga_teknik_biomedika,0
123,522,2018,Kabupaten Kediri,jumlah_tenaga_keterapian_fisik,0
123,522,2018,Kabupaten Kediri,tenaga_kesehatan_tenaga_kesehatan_lingkungan,0
123,522,2018,Kabupaten Kediri,jumlah_tenaga_medis,0
123,522,2018,Kabupaten Kediri,jumlah_tenaga_keteknisan_medis,0
123,522,2018,Kabupaten Kediri,tenaga_kesehatan_bidan,709
123,522,2018,Kabupaten Kediri,tenaga_kesehatan_tenaga_kesehatan_masyarakat,0
123,522,2018,Kabupaten Kediri,tenaga_kesehatan_perawat,1025
123,522,2018,Kabupaten Kediri,tenaga_kesehatan_tenaga_gizi,68
123,522,2018,Kabupaten Kediri,jumlah_tenaga_kesehatan_tradisional,0
123,522,2018,Kabupaten Kediri,jumlah_tenaga_teknik_biomedika,0
123,522,2018,Kabupaten Kediri,tenaga_kesehatan_tenaga_kefarmasian,328
123,522,2018,Kabupaten Kediri,jumlah_tenaga_kesehatan_psikologi_klinis,0
123,522,2018,Kabupaten Kediri,tenaga_kesehatan_dokter,569
124,522,2018,Kabupaten Malang,jumlah_tenaga_keterapian_fisik,0
124,522,2018,Kabupaten Malang,jumlah_tenaga_teknik_biomedika,0
124,522,2018,Kabupaten Malang,jumlah_tenaga_kesehatan_psikologi_klinis,0
124,522,2018,Kabupaten Malang,jumlah_tenaga_kesehatan_tradisional,0
124,522,2018,Kabupaten Malang,tenaga_kesehatan_tenaga_kesehatan_lingkungan,0
124,522,2018,Kabupaten Malang,tenaga_kesehatan_tenaga_gizi,68
124,522,2018,Kabupaten Malang,tenaga_kesehatan_tenaga_kefarmasian,140
124,522,2018,Kabupaten Malang,tenaga_kesehatan_tenaga_kesehatan_masyarakat,0
124,522,2018,Kabupaten Malang,tenaga_kesehatan_bidan,573
124,522,2018,Kabupaten Malang,jumlah_tenaga_keteknisan_medis,0
124,522,2018,Kabupaten Malang,jumlah_tenaga_medis,0
124,522,2018,Kabupaten Malang,tenaga_kesehatan_perawat,1301
124,522,2018,Kabupaten Malang,tenaga_kesehatan_dokter,363
125,522,2018,Kabupaten Lumajang,tenaga_kesehatan_tenaga_kefarmasian,200
125,522,2018,Kabupaten Lumajang,jumlah_tenaga_teknik_biomedika,0
125,522,2018,Kabupaten Lumajang,jumlah_tenaga_kesehatan_tradisional,0
125,522,2018,Kabupaten Lumajang,jumlah_tenaga_medis,0
125,522,2018,Kabupaten Lumajang,tenaga_kesehatan_perawat,994
125,522,2018,Kabupaten Lumajang,tenaga_kesehatan_tenaga_gizi,36
125,522,2018,Kabupaten Lumajang,tenaga_kesehatan_tenaga_kesehatan_lingkungan,0
125,522,2018,Kabupaten Lumajang,tenaga_kesehatan_bidan,416
125,522,2018,Kabupaten Lumajang,tenaga_kesehatan_tenaga_kesehatan_masyarakat,0
125,522,2018,Kabupaten Lumajang,jumlah_tenaga_kesehatan_psikologi_klinis,0
125,522,2018,Kabupaten Lumajang,jumlah_tenaga_keteknisan_medis,0
125,522,2018,Kabupaten Lumajang,jumlah_tenaga_keterapian_fisik,0
125,522,2018,Kabupaten Lumajang,tenaga_kesehatan_dokter,224
126,522,2018,Kabupaten Jember,tenaga_kesehatan_bidan,1060
126,522,2018,Kabupaten Jember,tenaga_kesehatan_tenaga_kesehatan_lingkungan,0
126,522,2018,Kabupaten Jember,jumlah_tenaga_keteknisan_medis,0
126,522,2018,Kabupaten Jember,tenaga_kesehatan_tenaga_kefarmasian,136
126,522,2018,Kabupaten Jember,tenaga_kesehatan_perawat,2016
126,522,2018,Kabupaten Jember,jumlah_tenaga_keterapian_fisik,0
126,522,2018,Kabupaten Jember,tenaga_kesehatan_tenaga_gizi,42
126,522,2018,Kabupaten Jember,jumlah_tenaga_kesehatan_tradisional,0
126,522,2018,Kabupaten Jember,jumlah_tenaga_teknik_biomedika,0
126,522,2018,Kabupaten Jember,tenaga_kesehatan_tenaga_kesehatan_masyarakat,0
126,522,2018,Kabupaten Jember,jumlah_tenaga_medis,0
126,522,2018,Kabupaten Jember,jumlah_tenaga_kesehatan_psikologi_klinis,0
126,522,2018,Kabupaten Jember,tenaga_kesehatan_dokter,496
127,522,2018,Kabupaten Banyuwangi,jumlah_tenaga_keteknisan_medis,0
127,522,2018,Kabupaten Banyuwangi,tenaga_kesehatan_tenaga_kesehatan_masyarakat,0
127,522,2018,Kabupaten Banyuwangi,tenaga_kesehatan_perawat,1350
127,522,2018,Kabupaten Banyuwangi,tenaga_kesehatan_tenaga_kefarmasian,320
127,522,2018,Kabupaten Banyuwangi,jumlah_tenaga_kesehatan_psikologi_klinis,0
127,522,2018,Kabupaten Banyuwangi,tenaga_kesehatan_dokter,537
127,522,2018,Kabupaten Banyuwangi,jumlah_tenaga_keterapian_fisik,0
127,522,2018,Kabupaten Banyuwangi,jumlah_tenaga_teknik_biomedika,0
127,522,2018,Kabupaten Banyuwangi,jumlah_tenaga_kesehatan_tradisional,0
127,522,2018,Kabupaten Banyuwangi,tenaga_kesehatan_tenaga_kesehatan_lingkungan,0
127,522,2018,Kabupaten Banyuwangi,tenaga_kesehatan_bidan,953
127,522,2018,Kabupaten Banyuwangi,tenaga_kesehatan_tenaga_gizi,79
127,522,2018,Kabupaten Banyuwangi,jumlah_tenaga_medis,0
128,522,2018,Kabupaten Bondowoso,tenaga_kesehatan_perawat,949
128,522,2018,Kabupaten Bondowoso,jumlah_tenaga_keterapian_fisik,0
128,522,2018,Kabupaten Bondowoso,jumlah_tenaga_keteknisan_medis,0
128,522,2018,Kabupaten Bondowoso,jumlah_tenaga_medis,0
128,522,2018,Kabupaten Bondowoso,tenaga_kesehatan_tenaga_kesehatan_masyarakat,0
128,522,2018,Kabupaten Bondowoso,tenaga_kesehatan_tenaga_gizi,36
128,522,2018,Kabupaten Bondowoso,tenaga_kesehatan_tenaga_kesehatan_lingkungan,0
128,522,2018,Kabupaten Bondowoso,jumlah_tenaga_kesehatan_tradisional,0
128,522,2018,Kabupaten Bondowoso,jumlah_tenaga_teknik_biomedika,0
128,522,2018,Kabupaten Bondowoso,tenaga_kesehatan_dokter,223
128,522,2018,Kabupaten Bondowoso,tenaga_kesehatan_tenaga_kefarmasian,95
128,522,2018,Kabupaten Bondowoso,tenaga_kesehatan_bidan,714
128,522,2018,Kabupaten Bondowoso,jumlah_tenaga_kesehatan_psikologi_klinis,0
129,522,2018,Kabupaten Situbondo,jumlah_tenaga_kesehatan_tradisional,0
129,522,2018,Kabupaten Situbondo,tenaga_kesehatan_perawat,549
129,522,2018,Kabupaten Situbondo,tenaga_kesehatan_tenaga_gizi,27
129,522,2018,Kabupaten Situbondo,jumlah_tenaga_keterapian_fisik,0
129,522,2018,Kabupaten Situbondo,jumlah_tenaga_keteknisan_medis,0
129,522,2018,Kabupaten Situbondo,jumlah_tenaga_kesehatan_psikologi_klinis,0
129,522,2018,Kabupaten Situbondo,tenaga_kesehatan_tenaga_kesehatan_masyarakat,0
129,522,2018,Kabupaten Situbondo,tenaga_kesehatan_bidan,333
129,522,2018,Kabupaten Situbondo,tenaga_kesehatan_tenaga_kefarmasian,52
129,522,2018,Kabupaten Situbondo,tenaga_kesehatan_dokter,195
129,522,2018,Kabupaten Situbondo,jumlah_tenaga_teknik_biomedika,0
129,522,2018,Kabupaten Situbondo,jumlah_tenaga_medis,0
129,522,2018,Kabupaten Situbondo,tenaga_kesehatan_tenaga_kesehatan_lingkungan,0
130,522,2018,Kabupaten Probolinggo,tenaga_kesehatan_tenaga_kefarmasian,64
130,522,2018,Kabupaten Probolinggo,tenaga_kesehatan_dokter,223
130,522,2018,Kabupaten Probolinggo,tenaga_kesehatan_perawat,1072
130,522,2018,Kabupaten Probolinggo,tenaga_kesehatan_tenaga_kesehatan_masyarakat,0
130,522,2018,Kabupaten Probolinggo,tenaga_kesehatan_bidan,817
130,522,2018,Kabupaten Probolinggo,tenaga_kesehatan_tenaga_gizi,53
130,522,2018,Kabupaten Probolinggo,jumlah_tenaga_keteknisan_medis,0
130,522,2018,Kabupaten Probolinggo,jumlah_tenaga_keterapian_fisik,0
130,522,2018,Kabupaten Probolinggo,jumlah_tenaga_kesehatan_tradisional,0
130,522,2018,Kabupaten Probolinggo,jumlah_tenaga_kesehatan_psikologi_klinis,0
130,522,2018,Kabupaten Probolinggo,tenaga_kesehatan_tenaga_kesehatan_lingkungan,0
130,522,2018,Kabupaten Probolinggo,jumlah_tenaga_teknik_biomedika,0
130,522,2018,Kabupaten Probolinggo,jumlah_tenaga_medis,0
131,522,2018,Kabupaten Pasuruan,jumlah_tenaga_teknik_biomedika,0
131,522,2018,Kabupaten Pasuruan,tenaga_kesehatan_tenaga_kesehatan_lingkungan,0
131,522,2018,Kabupaten Pasuruan,tenaga_kesehatan_dokter,225
131,522,2018,Kabupaten Pasuruan,tenaga_kesehatan_tenaga_kefarmasian,99
131,522,2018,Kabupaten Pasuruan,tenaga_kesehatan_tenaga_gizi,41
131,522,2018,Kabupaten Pasuruan,jumlah_tenaga_kesehatan_tradisional,0
131,522,2018,Kabupaten Pasuruan,jumlah_tenaga_keterapian_fisik,0
131,522,2018,Kabupaten Pasuruan,jumlah_tenaga_medis,0
131,522,2018,Kabupaten Pasuruan,tenaga_kesehatan_bidan,671
131,522,2018,Kabupaten Pasuruan,tenaga_kesehatan_tenaga_kesehatan_masyarakat,0
131,522,2018,Kabupaten Pasuruan,jumlah_tenaga_keteknisan_medis,0
131,522,2018,Kabupaten Pasuruan,jumlah_tenaga_kesehatan_psikologi_klinis,0
131,522,2018,Kabupaten Pasuruan,tenaga_kesehatan_perawat,846
132,522,2018,Kabupaten Sidoarjo,tenaga_kesehatan_dokter,1861
132,522,2018,Kabupaten Sidoarjo,jumlah_tenaga_keterapian_fisik,0
132,522,2018,Kabupaten Sidoarjo,tenaga_kesehatan_tenaga_kesehatan_masyarakat,0
132,522,2018,Kabupaten Sidoarjo,tenaga_kesehatan_tenaga_kefarmasian,451
132,522,2018,Kabupaten Sidoarjo,jumlah_tenaga_medis,0
132,522,2018,Kabupaten Sidoarjo,jumlah_tenaga_teknik_biomedika,0
132,522,2018,Kabupaten Sidoarjo,jumlah_tenaga_kesehatan_tradisional,0
132,522,2018,Kabupaten Sidoarjo,tenaga_kesehatan_perawat,3197
132,522,2018,Kabupaten Sidoarjo,jumlah_tenaga_kesehatan_psikologi_klinis,0
132,522,2018,Kabupaten Sidoarjo,tenaga_kesehatan_tenaga_kesehatan_lingkungan,0
132,522,2018,Kabupaten Sidoarjo,tenaga_kesehatan_bidan,1029
132,522,2018,Kabupaten Sidoarjo,jumlah_tenaga_keteknisan_medis,0
132,522,2018,Kabupaten Sidoarjo,tenaga_kesehatan_tenaga_gizi,106
133,522,2018,Kabupaten Mojokerto,tenaga_kesehatan_tenaga_kesehatan_masyarakat,0
133,522,2018,Kabupaten Mojokerto,jumlah_tenaga_kesehatan_tradisional,0
133,522,2018,Kabupaten Mojokerto,jumlah_tenaga_teknik_biomedika,0
133,522,2018,Kabupaten Mojokerto,tenaga_kesehatan_bidan,636
133,522,2018,Kabupaten Mojokerto,tenaga_kesehatan_tenaga_gizi,49
133,522,2018,Kabupaten Mojokerto,jumlah_tenaga_medis,0
133,522,2018,Kabupaten Mojokerto,jumlah_tenaga_keterapian_fisik,0
133,522,2018,Kabupaten Mojokerto,tenaga_kesehatan_tenaga_kefarmasian,142
133,522,2018,Kabupaten Mojokerto,tenaga_kesehatan_tenaga_kesehatan_lingkungan,0
133,522,2018,Kabupaten Mojokerto,jumlah_tenaga_keteknisan_medis,0
133,522,2018,Kabupaten Mojokerto,jumlah_tenaga_kesehatan_psikologi_klinis,0
133,522,2018,Kabupaten Mojokerto,tenaga_kesehatan_dokter,381
133,522,2018,Kabupaten Mojokerto,tenaga_kesehatan_perawat,1184
134,522,2018,Kabupaten Jombang,tenaga_kesehatan_dokter,483
134,522,2018,Kabupaten Jombang,tenaga_kesehatan_tenaga_kesehatan_lingkungan,0
134,522,2018,Kabupaten Jombang,tenaga_kesehatan_perawat,1644
134,522,2018,Kabupaten Jombang,jumlah_tenaga_kesehatan_psikologi_klinis,0
134,522,2018,Kabupaten Jombang,tenaga_kesehatan_tenaga_gizi,86
134,522,2018,Kabupaten Jombang,jumlah_tenaga_teknik_biomedika,0
134,522,2018,Kabupaten Jombang,tenaga_kesehatan_bidan,1281
134,522,2018,Kabupaten Jombang,jumlah_tenaga_kesehatan_tradisional,0
134,522,2018,Kabupaten Jombang,tenaga_kesehatan_tenaga_kesehatan_masyarakat,0
134,522,2018,Kabupaten Jombang,jumlah_tenaga_keteknisan_medis,0
134,522,2018,Kabupaten Jombang,jumlah_tenaga_keterapian_fisik,0
134,522,2018,Kabupaten Jombang,jumlah_tenaga_medis,0
134,522,2018,Kabupaten Jombang,tenaga_kesehatan_tenaga_kefarmasian,246
135,522,2018,Kabupaten Nganjuk,tenaga_kesehatan_dokter,400
135,522,2018,Kabupaten Nganjuk,jumlah_tenaga_kesehatan_tradisional,0
135,522,2018,Kabupaten Nganjuk,tenaga_kesehatan_perawat,902
135,522,2018,Kabupaten Nganjuk,tenaga_kesehatan_tenaga_kesehatan_lingkungan,0
135,522,2018,Kabupaten Nganjuk,tenaga_kesehatan_tenaga_kesehatan_masyarakat,0
135,522,2018,Kabupaten Nganjuk,tenaga_kesehatan_tenaga_gizi,40
135,522,2018,Kabupaten Nganjuk,jumlah_tenaga_keteknisan_medis,0
135,522,2018,Kabupaten Nganjuk,jumlah_tenaga_medis,0
135,522,2018,Kabupaten Nganjuk,tenaga_kesehatan_tenaga_kefarmasian,206
135,522,2018,Kabupaten Nganjuk,jumlah_tenaga_keterapian_fisik,0
135,522,2018,Kabupaten Nganjuk,tenaga_kesehatan_bidan,665
135,522,2018,Kabupaten Nganjuk,jumlah_tenaga_kesehatan_psikologi_klinis,0
135,522,2018,Kabupaten Nganjuk,jumlah_tenaga_teknik_biomedika,0
136,522,2018,Kabupaten Madiun,tenaga_kesehatan_tenaga_kefarmasian,134
136,522,2018,Kabupaten Madiun,jumlah_tenaga_teknik_biomedika,0
136,522,2018,Kabupaten Madiun,tenaga_kesehatan_tenaga_kesehatan_masyarakat,0
136,522,2018,Kabupaten Madiun,tenaga_kesehatan_dokter,177
136,522,2018,Kabupaten Madiun,jumlah_tenaga_keteknisan_medis,0
136,522,2018,Kabupaten Madiun,tenaga_kesehatan_perawat,722
136,522,2018,Kabupaten Madiun,jumlah_tenaga_medis,0
136,522,2018,Kabupaten Madiun,jumlah_tenaga_kesehatan_tradisional,0
136,522,2018,Kabupaten Madiun,tenaga_kesehatan_tenaga_kesehatan_lingkungan,0
136,522,2018,Kabupaten Madiun,tenaga_kesehatan_tenaga_gizi,41
136,522,2018,Kabupaten Madiun,jumlah_tenaga_keterapian_fisik,0
136,522,2018,Kabupaten Madiun,tenaga_kesehatan_bidan,371
136,522,2018,Kabupaten Madiun,jumlah_tenaga_kesehatan_psikologi_klinis,0
137,522,2018,Kabupaten Magetan,tenaga_kesehatan_tenaga_kesehatan_lingkungan,0
137,522,2018,Kabupaten Magetan,tenaga_kesehatan_tenaga_kefarmasian,43
137,522,2018,Kabupaten Magetan,jumlah_tenaga_teknik_biomedika,0
137,522,2018,Kabupaten Magetan,tenaga_kesehatan_tenaga_gizi,34
137,522,2018,Kabupaten Magetan,tenaga_kesehatan_bidan,542
137,522,2018,Kabupaten Magetan,tenaga_kesehatan_tenaga_kesehatan_masyarakat,0
137,522,2018,Kabupaten Magetan,jumlah_tenaga_keteknisan_medis,0
137,522,2018,Kabupaten Magetan,tenaga_kesehatan_dokter,297
137,522,2018,Kabupaten Magetan,jumlah_tenaga_kesehatan_psikologi_klinis,0
137,522,2018,Kabupaten Magetan,jumlah_tenaga_medis,0
137,522,2018,Kabupaten Magetan,jumlah_tenaga_keterapian_fisik,0
137,522,2018,Kabupaten Magetan,jumlah_tenaga_kesehatan_tradisional,0
137,522,2018,Kabupaten Magetan,tenaga_kesehatan_perawat,882
138,522,2018,Kabupaten Ngawi,jumlah_tenaga_kesehatan_tradisional,0
138,522,2018,Kabupaten Ngawi,jumlah_tenaga_keterapian_fisik,0
138,522,2018,Kabupaten Ngawi,tenaga_kesehatan_tenaga_kesehatan_masyarakat,0
138,522,2018,Kabupaten Ngawi,tenaga_kesehatan_tenaga_kesehatan_lingkungan,0
138,522,2018,Kabupaten Ngawi,jumlah_tenaga_kesehatan_psikologi_klinis,0
138,522,2018,Kabupaten Ngawi,jumlah_tenaga_keteknisan_medis,0
138,522,2018,Kabupaten Ngawi,tenaga_kesehatan_tenaga_kefarmasian,108
138,522,2018,Kabupaten Ngawi,jumlah_tenaga_teknik_biomedika,0
138,522,2018,Kabupaten Ngawi,tenaga_kesehatan_bidan,667
138,522,2018,Kabupaten Ngawi,tenaga_kesehatan_tenaga_gizi,56
138,522,2018,Kabupaten Ngawi,tenaga_kesehatan_perawat,1079
138,522,2018,Kabupaten Ngawi,jumlah_tenaga_medis,0
138,522,2018,Kabupaten Ngawi,tenaga_kesehatan_dokter,346
139,522,2018,Kabupaten Bojonegoro,tenaga_kesehatan_dokter,366
139,522,2018,Kabupaten Bojonegoro,tenaga_kesehatan_tenaga_gizi,48
139,522,2018,Kabupaten Bojonegoro,jumlah_tenaga_kesehatan_psikologi_klinis,0
139,522,2018,Kabupaten Bojonegoro,jumlah_tenaga_medis,0
139,522,2018,Kabupaten Bojonegoro,jumlah_tenaga_keterapian_fisik,0
139,522,2018,Kabupaten Bojonegoro,tenaga_kesehatan_perawat,1117
139,522,2018,Kabupaten Bojonegoro,jumlah_tenaga_keteknisan_medis,0
139,522,2018,Kabupaten Bojonegoro,tenaga_kesehatan_tenaga_kesehatan_lingkungan,0
139,522,2018,Kabupaten Bojonegoro,tenaga_kesehatan_bidan,897
139,522,2018,Kabupaten Bojonegoro,tenaga_kesehatan_tenaga_kesehatan_masyarakat,0
139,522,2018,Kabupaten Bojonegoro,jumlah_tenaga_kesehatan_tradisional,0
139,522,2018,Kabupaten Bojonegoro,tenaga_kesehatan_tenaga_kefarmasian,170
139,522,2018,Kabupaten Bojonegoro,jumlah_tenaga_teknik_biomedika,0
140,522,2018,Kabupaten Tuban,tenaga_kesehatan_tenaga_gizi,52
140,522,2018,Kabupaten Tuban,tenaga_kesehatan_dokter,311
140,522,2018,Kabupaten Tuban,jumlah_tenaga_keteknisan_medis,0
140,522,2018,Kabupaten Tuban,tenaga_kesehatan_bidan,487
140,522,2018,Kabupaten Tuban,jumlah_tenaga_medis,0
140,522,2018,Kabupaten Tuban,tenaga_kesehatan_tenaga_kefarmasian,100
140,522,2018,Kabupaten Tuban,jumlah_tenaga_teknik_biomedika,0
140,522,2018,Kabupaten Tuban,jumlah_tenaga_kesehatan_psikologi_klinis,0
140,522,2018,Kabupaten Tuban,jumlah_tenaga_keterapian_fisik,0
140,522,2018,Kabupaten Tuban,tenaga_kesehatan_tenaga_kesehatan_masyarakat,0
140,522,2018,Kabupaten Tuban,tenaga_kesehatan_perawat,975
140,522,2018,Kabupaten Tuban,tenaga_kesehatan_tenaga_kesehatan_lingkungan,0
140,522,2018,Kabupaten Tuban,jumlah_tenaga_kesehatan_tradisional,0
141,522,2018,Kabupaten Lamongan,jumlah_tenaga_keteknisan_medis,0
141,522,2018,Kabupaten Lamongan,jumlah_tenaga_keterapian_fisik,0
141,522,2018,Kabupaten Lamongan,tenaga_kesehatan_bidan,990
141,522,2018,Kabupaten Lamongan,tenaga_kesehatan_dokter,444
141,522,2018,Kabupaten Lamongan,jumlah_tenaga_teknik_biomedika,0
141,522,2018,Kabupaten Lamongan,jumlah_tenaga_kesehatan_tradisional,0
141,522,2018,Kabupaten Lamongan,tenaga_kesehatan_tenaga_gizi,38
141,522,2018,Kabupaten Lamongan,tenaga_kesehatan_tenaga_kesehatan_masyarakat,0
141,522,2018,Kabupaten Lamongan,tenaga_kesehatan_tenaga_kesehatan_lingkungan,0
141,522,2018,Kabupaten Lamongan,tenaga_kesehatan_perawat,1985
141,522,2018,Kabupaten Lamongan,tenaga_kesehatan_tenaga_kefarmasian,114
141,522,2018,Kabupaten Lamongan,jumlah_tenaga_kesehatan_psikologi_klinis,0
141,522,2018,Kabupaten Lamongan,jumlah_tenaga_medis,0
142,522,2018,Kabupaten Gresik,tenaga_kesehatan_tenaga_kesehatan_lingkungan,0
142,522,2018,Kabupaten Gresik,jumlah_tenaga_keteknisan_medis,0
142,522,2018,Kabupaten Gresik,tenaga_kesehatan_dokter,376
142,522,2018,Kabupaten Gresik,jumlah_tenaga_medis,0
142,522,2018,Kabupaten Gresik,tenaga_kesehatan_tenaga_gizi,41
142,522,2018,Kabupaten Gresik,jumlah_tenaga_teknik_biomedika,0
142,522,2018,Kabupaten Gresik,tenaga_kesehatan_tenaga_kefarmasian,142
142,522,2018,Kabupaten Gresik,jumlah_tenaga_kesehatan_tradisional,0
142,522,2018,Kabupaten Gresik,tenaga_kesehatan_perawat,1228
142,522,2018,Kabupaten Gresik,tenaga_kesehatan_tenaga_kesehatan_masyarakat,0
142,522,2018,Kabupaten Gresik,jumlah_tenaga_keterapian_fisik,0
142,522,2018,Kabupaten Gresik,tenaga_kesehatan_bidan,782
142,522,2018,Kabupaten Gresik,jumlah_tenaga_kesehatan_psikologi_klinis,0
143,522,2018,Kabupaten Bangkalan,jumlah_tenaga_kesehatan_psikologi_klinis,0
143,522,2018,Kabupaten Bangkalan,tenaga_kesehatan_tenaga_kesehatan_lingkungan,0
143,522,2018,Kabupaten Bangkalan,jumlah_tenaga_keteknisan_medis,0
143,522,2018,Kabupaten Bangkalan,tenaga_kesehatan_tenaga_kesehatan_masyarakat,0
143,522,2018,Kabupaten Bangkalan,tenaga_kesehatan_tenaga_kefarmasian,33
143,522,2018,Kabupaten Bangkalan,tenaga_kesehatan_bidan,899
143,522,2018,Kabupaten Bangkalan,jumlah_tenaga_medis,0
143,522,2018,Kabupaten Bangkalan,jumlah_tenaga_keterapian_fisik,0
143,522,2018,Kabupaten Bangkalan,tenaga_kesehatan_dokter,209
143,522,2018,Kabupaten Bangkalan,tenaga_kesehatan_perawat,909
143,522,2018,Kabupaten Bangkalan,tenaga_kesehatan_tenaga_gizi,20
143,522,2018,Kabupaten Bangkalan,jumlah_tenaga_teknik_biomedika,0
143,522,2018,Kabupaten Bangkalan,jumlah_tenaga_kesehatan_tradisional,0
144,522,2018,Kabupaten Sampang,jumlah_tenaga_kesehatan_psikologi_klinis,0
144,522,2018,Kabupaten Sampang,tenaga_kesehatan_bidan,559
144,522,2018,Kabupaten Sampang,jumlah_tenaga_teknik_biomedika,0
144,522,2018,Kabupaten Sampang,tenaga_kesehatan_tenaga_kesehatan_masyarakat,0
144,522,2018,Kabupaten Sampang,jumlah_tenaga_keterapian_fisik,0
144,522,2018,Kabupaten Sampang,jumlah_tenaga_kesehatan_tradisional,0
144,522,2018,Kabupaten Sampang,tenaga_kesehatan_tenaga_kesehatan_lingkungan,0
144,522,2018,Kabupaten Sampang,tenaga_kesehatan_tenaga_kefarmasian,18
144,522,2018,Kabupaten Sampang,tenaga_kesehatan_perawat,873
144,522,2018,Kabupaten Sampang,jumlah_tenaga_keteknisan_medis,0
144,522,2018,Kabupaten Sampang,tenaga_kesehatan_dokter,140
144,522,2018,Kabupaten Sampang,jumlah_tenaga_medis,0
144,522,2018,Kabupaten Sampang,tenaga_kesehatan_tenaga_gizi,44
145,522,2018,Kabupaten Pamekasan,tenaga_kesehatan_tenaga_kesehatan_masyarakat,0
145,522,2018,Kabupaten Pamekasan,jumlah_tenaga_kesehatan_psikologi_klinis,0
145,522,2018,Kabupaten Pamekasan,tenaga_kesehatan_tenaga_gizi,30
145,522,2018,Kabupaten Pamekasan,jumlah_tenaga_teknik_biomedika,0
145,522,2018,Kabupaten Pamekasan,jumlah_tenaga_keterapian_fisik,0
145,522,2018,Kabupaten Pamekasan,jumlah_tenaga_kesehatan_tradisional,0
145,522,2018,Kabupaten Pamekasan,tenaga_kesehatan_bidan,670
145,522,2018,Kabupaten Pamekasan,tenaga_kesehatan_dokter,236
145,522,2018,Kabupaten Pamekasan,jumlah_tenaga_keteknisan_medis,0
145,522,2018,Kabupaten Pamekasan,tenaga_kesehatan_tenaga_kesehatan_lingkungan,0
145,522,2018,Kabupaten Pamekasan,tenaga_kesehatan_perawat,1061
145,522,2018,Kabupaten Pamekasan,jumlah_tenaga_medis,0
145,522,2018,Kabupaten Pamekasan,tenaga_kesehatan_tenaga_kefarmasian,94
146,522,2018,Kabupaten Sumenep,tenaga_kesehatan_tenaga_kesehatan_lingkungan,0
146,522,2018,Kabupaten Sumenep,jumlah_tenaga_keteknisan_medis,0
146,522,2018,Kabupaten Sumenep,tenaga_kesehatan_tenaga_kesehatan_masyarakat,0
146,522,2018,Kabupaten Sumenep,jumlah_tenaga_kesehatan_tradisional,0
146,522,2018,Kabupaten Sumenep,jumlah_tenaga_teknik_biomedika,0
146,522,2018,Kabupaten Sumenep,tenaga_kesehatan_tenaga_gizi,34
146,522,2018,Kabupaten Sumenep,tenaga_kesehatan_tenaga_kefarmasian,28
146,522,2018,Kabupaten Sumenep,jumlah_tenaga_keterapian_fisik,0
146,522,2018,Kabupaten Sumenep,tenaga_kesehatan_bidan,672
146,522,2018,Kabupaten Sumenep,jumlah_tenaga_kesehatan_psikologi_klinis,0
146,522,2018,Kabupaten Sumenep,tenaga_kesehatan_dokter,121
146,522,2018,Kabupaten Sumenep,tenaga_kesehatan_perawat,1080
146,522,2018,Kabupaten Sumenep,jumlah_tenaga_medis,0
147,522,2018,Kota Kediri,jumlah_tenaga_kesehatan_psikologi_klinis,0
147,522,2018,Kota Kediri,tenaga_kesehatan_tenaga_kesehatan_masyarakat,0
147,522,2018,Kota Kediri,jumlah_tenaga_teknik_biomedika,0
147,522,2018,Kota Kediri,tenaga_kesehatan_dokter,358
147,522,2018,Kota Kediri,jumlah_tenaga_kesehatan_tradisional,0
147,522,2018,Kota Kediri,jumlah_tenaga_keteknisan_medis,0
147,522,2018,Kota Kediri,tenaga_kesehatan_tenaga_kesehatan_lingkungan,0
147,522,2018,Kota Kediri,tenaga_kesehatan_perawat,1242
147,522,2018,Kota Kediri,tenaga_kesehatan_tenaga_gizi,38
147,522,2018,Kota Kediri,tenaga_kesehatan_tenaga_kefarmasian,188
147,522,2018,Kota Kediri,jumlah_tenaga_keterapian_fisik,0
147,522,2018,Kota Kediri,jumlah_tenaga_medis,0
147,522,2018,Kota Kediri,tenaga_kesehatan_bidan,369
148,522,2018,Kota Blitar,jumlah_tenaga_medis,0
148,522,2018,Kota Blitar,tenaga_kesehatan_perawat,558
148,522,2018,Kota Blitar,jumlah_tenaga_kesehatan_psikologi_klinis,0
148,522,2018,Kota Blitar,tenaga_kesehatan_bidan,155
148,522,2018,Kota Blitar,tenaga_kesehatan_tenaga_kesehatan_lingkungan,0
148,522,2018,Kota Blitar,tenaga_kesehatan_tenaga_gizi,20
148,522,2018,Kota Blitar,jumlah_tenaga_kesehatan_tradisional,0
148,522,2018,Kota Blitar,jumlah_tenaga_keteknisan_medis,0
148,522,2018,Kota Blitar,jumlah_tenaga_teknik_biomedika,0
148,522,2018,Kota Blitar,tenaga_kesehatan_tenaga_kesehatan_masyarakat,0
148,522,2018,Kota Blitar,tenaga_kesehatan_dokter,239
148,522,2018,Kota Blitar,jumlah_tenaga_keterapian_fisik,0
148,522,2018,Kota Blitar,tenaga_kesehatan_tenaga_kefarmasian,102
149,522,2018,Kota Malang,tenaga_kesehatan_tenaga_kesehatan_lingkungan,0
149,522,2018,Kota Malang,tenaga_kesehatan_tenaga_gizi,123
149,522,2018,Kota Malang,tenaga_kesehatan_bidan,686
149,522,2018,Kota Malang,jumlah_tenaga_teknik_biomedika,0
149,522,2018,Kota Malang,jumlah_tenaga_kesehatan_tradisional,0
149,522,2018,Kota Malang,tenaga_kesehatan_perawat,2953
149,522,2018,Kota Malang,tenaga_kesehatan_tenaga_kefarmasian,610
149,522,2018,Kota Malang,jumlah_tenaga_keteknisan_medis,0
149,522,2018,Kota Malang,jumlah_tenaga_medis,0
149,522,2018,Kota Malang,jumlah_tenaga_kesehatan_psikologi_klinis,0
149,522,2018,Kota Malang,tenaga_kesehatan_dokter,1550
149,522,2018,Kota Malang,tenaga_kesehatan_tenaga_kesehatan_masyarakat,0
149,522,2018,Kota Malang,jumlah_tenaga_keterapian_fisik,0
150,522,2018,Kota Probolinggo,tenaga_kesehatan_tenaga_gizi,27
150,522,2018,Kota Probolinggo,tenaga_kesehatan_tenaga_kefarmasian,120
150,522,2018,Kota Probolinggo,tenaga_kesehatan_perawat,661
150,522,2018,Kota Probolinggo,tenaga_kesehatan_tenaga_kesehatan_masyarakat,0
150,522,2018,Kota Probolinggo,jumlah_tenaga_kesehatan_psikologi_klinis,0
150,522,2018,Kota Probolinggo,jumlah_tenaga_keterapian_fisik,0
150,522,2018,Kota Probolinggo,tenaga_kesehatan_dokter,305
150,522,2018,Kota Probolinggo,jumlah_tenaga_medis,0
150,522,2018,Kota Probolinggo,tenaga_kesehatan_bidan,162
150,522,2018,Kota Probolinggo,jumlah_tenaga_teknik_biomedika,0
150,522,2018,Kota Probolinggo,tenaga_kesehatan_tenaga_kesehatan_lingkungan,0
150,522,2018,Kota Probolinggo,jumlah_tenaga_kesehatan_tradisional,0
150,522,2018,Kota Probolinggo,jumlah_tenaga_keteknisan_medis,0
151,522,2018,Kota Pasuruan,jumlah_tenaga_kesehatan_tradisional,0
151,522,2018,Kota Pasuruan,tenaga_kesehatan_perawat,450
151,522,2018,Kota Pasuruan,jumlah_tenaga_medis,0
151,522,2018,Kota Pasuruan,tenaga_kesehatan_tenaga_kesehatan_lingkungan,0
151,522,2018,Kota Pasuruan,tenaga_kesehatan_bidan,202
151,522,2018,Kota Pasuruan,jumlah_tenaga_keterapian_fisik,0
151,522,2018,Kota Pasuruan,jumlah_tenaga_keteknisan_medis,0
151,522,2018,Kota Pasuruan,tenaga_kesehatan_tenaga_kefarmasian,100
151,522,2018,Kota Pasuruan,tenaga_kesehatan_tenaga_kesehatan_masyarakat,0
151,522,2018,Kota Pasuruan,jumlah_tenaga_kesehatan_psikologi_klinis,0
151,522,2018,Kota Pasuruan,tenaga_kesehatan_tenaga_gizi,27
151,522,2018,Kota Pasuruan,jumlah_tenaga_teknik_biomedika,0
151,522,2018,Kota Pasuruan,tenaga_kesehatan_dokter,178
152,522,2018,Kota Mojokerto,jumlah_tenaga_kesehatan_tradisional,0
152,522,2018,Kota Mojokerto,jumlah_tenaga_keteknisan_medis,0
152,522,2018,Kota Mojokerto,tenaga_kesehatan_tenaga_kefarmasian,101
152,522,2018,Kota Mojokerto,jumlah_tenaga_kesehatan_psikologi_klinis,0
152,522,2018,Kota Mojokerto,tenaga_kesehatan_tenaga_kesehatan_lingkungan,0
152,522,2018,Kota Mojokerto,tenaga_kesehatan_perawat,292
152,522,2018,Kota Mojokerto,tenaga_kesehatan_tenaga_gizi,33
152,522,2018,Kota Mojokerto,tenaga_kesehatan_dokter,119
152,522,2018,Kota Mojokerto,jumlah_tenaga_teknik_biomedika,0
152,522,2018,Kota Mojokerto,tenaga_kesehatan_tenaga_kesehatan_masyarakat,0
152,522,2018,Kota Mojokerto,jumlah_tenaga_keterapian_fisik,0
152,522,2018,Kota Mojokerto,tenaga_kesehatan_bidan,105
152,522,2018,Kota Mojokerto,jumlah_tenaga_medis,0
153,522,2018,Kota Madiun,tenaga_kesehatan_dokter,563
153,522,2018,Kota Madiun,tenaga_kesehatan_bidan,263
153,522,2018,Kota Madiun,jumlah_tenaga_kesehatan_psikologi_klinis,0
153,522,2018,Kota Madiun,tenaga_kesehatan_tenaga_gizi,47
153,522,2018,Kota Madiun,tenaga_kesehatan_tenaga_kesehatan_lingkungan,0
153,522,2018,Kota Madiun,jumlah_tenaga_kesehatan_tradisional,0
153,522,2018,Kota Madiun,tenaga_kesehatan_tenaga_kesehatan_masyarakat,0
153,522,2018,Kota Madiun,jumlah_tenaga_teknik_biomedika,0
153,522,2018,Kota Madiun,tenaga_kesehatan_tenaga_kefarmasian,231
153,522,2018,Kota Madiun,jumlah_tenaga_medis,0
153,522,2018,Kota Madiun,jumlah_tenaga_keteknisan_medis,0
153,522,2018,Kota Madiun,tenaga_kesehatan_perawat,1064
153,522,2018,Kota Madiun,jumlah_tenaga_keterapian_fisik,0
154,522,2018,Kota Surabaya,jumlah_tenaga_keterapian_fisik,0
154,522,2018,Kota Surabaya,jumlah_tenaga_keteknisan_medis,0
154,522,2018,Kota Surabaya,tenaga_kesehatan_tenaga_kefarmasian,938
154,522,2018,Kota Surabaya,jumlah_tenaga_teknik_biomedika,0
154,522,2018,Kota Surabaya,jumlah_tenaga_kesehatan_tradisional,0
154,522,2018,Kota Surabaya,tenaga_kesehatan_bidan,1264
154,522,2018,Kota Surabaya,tenaga_kesehatan_dokter,2841
154,522,2018,Kota Surabaya,jumlah_tenaga_kesehatan_psikologi_klinis,0
154,522,2018,Kota Surabaya,tenaga_kesehatan_tenaga_gizi,173
154,522,2018,Kota Surabaya,tenaga_kesehatan_tenaga_kesehatan_masyarakat,0
154,522,2018,Kota Surabaya,tenaga_kesehatan_perawat,6926
154,522,2018,Kota Surabaya,jumlah_tenaga_medis,0
154,522,2018,Kota Surabaya,tenaga_kesehatan_tenaga_kesehatan_lingkungan,0
155,522,2018,Kota Batu,tenaga_kesehatan_dokter,180
155,522,2018,Kota Batu,jumlah_tenaga_kesehatan_tradisional,0
155,522,2018,Kota Batu,tenaga_kesehatan_tenaga_kesehatan_lingkungan,0
155,522,2018,Kota Batu,tenaga_kesehatan_tenaga_gizi,21
155,522,2018,Kota Batu,jumlah_tenaga_kesehatan_psikologi_klinis,0
155,522,2018,Kota Batu,jumlah_tenaga_keteknisan_medis,0
155,522,2018,Kota Batu,tenaga_kesehatan_tenaga_kesehatan_masyarakat,0
155,522,2018,Kota Batu,jumlah_tenaga_keterapian_fisik,0
155,522,2018,Kota Batu,tenaga_kesehatan_tenaga_kefarmasian,71
155,522,2018,Kota Batu,jumlah_tenaga_teknik_biomedika,0
155,522,2018,Kota Batu,tenaga_kesehatan_bidan,87
155,522,2018,Kota Batu,jumlah_tenaga_medis,0
155,522,2018,Kota Batu,tenaga_kesehatan_perawat,317
156,522,2018,Jawa Timur,jumlah_tenaga_keterapian_fisik,0
156,522,2018,Jawa Timur,tenaga_kesehatan_tenaga_kefarmasian,6895
156,522,2018,Jawa Timur,jumlah_tenaga_keteknisan_medis,0
156,522,2018,Jawa Timur,tenaga_kesehatan_tenaga_kesehatan_masyarakat,0
156,522,2018,Jawa Timur,tenaga_kesehatan_perawat,47859
156,522,2018,Jawa Timur,tenaga_kesehatan_dokter,17186
156,522,2018,Jawa Timur,jumlah_tenaga_kesehatan_psikologi_klinis,0
156,522,2018,Jawa Timur,tenaga_kesehatan_tenaga_kesehatan_lingkungan,0
156,522,2018,Jawa Timur,jumlah_tenaga_medis,0
156,522,2018,Jawa Timur,tenaga_kesehatan_tenaga_gizi,1924
156,522,2018,Jawa Timur,jumlah_tenaga_kesehatan_tradisional,0
156,522,2018,Jawa Timur,tenaga_kesehatan_bidan,23085
156,522,2018,Jawa Timur,jumlah_tenaga_teknik_biomedika,0
